iso_code,preferred_source,preferred_recent_date,positive_rate,positive_rate_prev,new_tests_daily7,new_tests_daily7_prev,new_tests_daily7_1k,new_tests_daily7_1k_prev,flag_negative_tests_previous7,flag_increase_tests_previous7,flag_negative_cases_previous7,owid_date,owid_new_cases,owid_new_cases_daily7,owid_total_tests_orig,owid_total_tests_int,owid_new_tests_orig,owid_new_tests_int,owid_tests_daily7,owid_tests_daily7_prev,owid_tests_daily7_1k,owid_tests_daily7_1k_prev,owid_positive_rate,owid_positive_rate_prev,owid_flag_negative_tests,owid_flag_increase_tests,owid_flag_negative_cases,owid_flag_negative_tests_prev7,owid_flag_increase_tests_prev7,owid_flag_negative_cases_prev7,owid_tests_units,owid_test_definition,owid_case_definition,owid_posrate_definition,find_date,find_new_cases,find_new_cases_daily7,find_total_tests,find_total_tests_int,find_new_tests_orig,find_new_tests_int,find_tests_daily7,find_tests_daily7_prev,find_tests_daily7_1k,find_tests_daily7_1k_prev,find_positive_rate,find_positive_rate_prev,find_flag_negative_tests,find_flag_increase_tests,find_flag_negative_cases,find_flag_negative_tests_prev7,find_flag_increase_tests_prev7,find_flag_negative_cases_prev7,find_tests_units,find_test_definition,find_case_definition,find_posrate_definition
AGO,OWID,2022-02-26,0.006,0.0081,2016,1827,0.059,0.054,0,0,0,2022-02-26,0,12,1424011,1424011,,2409,2016,1827,0.059,0.054,0.006,0.0081,0,0,0,0,0,0,tests performed,,,,2022-02-26,0,12,1424011,1424011,7227,3613.5,1891.42857142857,1565.90476190475,0.0575497039928367,0.047645127545328,0.00634441087613293,0.00939666707213241,0,0,0,0,0,0,Not specified,Not specified,,
ALB,OWID,2022-02-27,0.3788,0.3162,514,974,0.179,0.339,0,0,0,2022-02-27,386,194.714285714286,1588724,1588724,1213,242.600000000093,514,974,0.179,0.339,0.3788,0.3162,0,0,0,0,0,0,tests performed,PCR + antigen,PCR + antigen,7-day cases / tests,2022-03-01,139,178.142857142857,1745320,1745320,2030,2030,2153.42857142857,2245.28571428571,0.748237863595751,0.780154869452993,0.0827252222369643,0.124960234141376,0,0,0,0,0,0,Samples,Not specified,,
AND,OWID,2022-02-17,0.5161,0.4715,124,183,1.603,2.366,0,0,0,2022-02-17,70,64,299794,299794,,123.85714285716,124,183,1.603,2.366,0.5161,0.4715,0,0,0,0,0,0,tests performed,PCR + antigen,PCR + antigen,7-day cases / tests,2022-03-01,166,49.2857142857143,300307,300307,513,46.6363636363531,46.6363636363614,119.54220779221,0.605667060212485,1.55249620509364,1.05680868838769,0.548521143974568,0,0,0,0,0,0,Not specified,PCR and serology,,
ARE,OWID,2022-02-27,0.0015,0.0024,449772,379921,45.017,38.026,0,0,0,2022-02-27,622,680.142857142857,137299003,137299003,452997,452997,449772,379921,45.017,38.026,0.0015,0.0024,0,0,0,0,0,0,tests performed,PCR,PCR,7-day cases / tests,2022-03-01,478,652.428571428572,138136824,138136824,29209320,29209320,443610.142857143,397132,44.8544128268092,40.1549039433771,0.00147072509935526,0.00198782412756608,1,1,0,0,0,0,Samples,Not specified,,
ARG,OWID,2022-02-26,0.101,0.153,33008,39783,0.724,0.872,0,0,0,2022-02-26,5595,10073.4285714286,34183925,34183925,15547,15547,33008,39783,0.724,0.872,0.101,0.153,0,0,0,0,0,0,tests performed,,,Directly from source,2022-03-01,3520,6936,34279674,34279674,21695,21695,41011.2857142857,65737.5714285714,0.907409631699392,1.45449976609814,0.169124178362054,0.194387640901159,0,0,0,0,0,0,Samples,Not specified,,
ARM,OWID,2022-02-27,0.137,0.238,4245,5202,1.43,1.753,0,0,0,2022-02-27,270,604.142857142857,2895679,2895679,2804,2804,4245,5202,1.43,1.753,0.137,0.238,0,0,0,0,0,0,tests performed,Unclear,PCR + antigen,7-day cases / tests,2022-03-01,324,520.857142857143,2898664,2898664,4076,4076,4029.28571428571,5235.14285714286,1.3598669302348,1.76683862880285,0.129267860308456,0.221825028652513,0,0,0,0,0,0,Samples,Not specified,,
ATG,,,,,,,,,,,,2021-07-13,0,0.142857142857143,16700,16700,,,40,40,0.405,0.405,0.0036,0.0071,,0,0,,0,0,tests performed,PCR + antigen,PCR + antigen,7-day cases / tests,2021-03-08,0,11.2857142857143,13613,13613,607,151.75,100.714285714286,152.142857142857,1.02769679300292,1.55247813411079,0.112056737588652,0.145539906103286,0,0,0,0,0,0,Samples,Not specified,,
AUS,OWID,2022-02-27,0.2801,0.2362,81992,81206,3.179,3.149,0,0,0,2022-02-27,21482,22963.1428571429,63465213,63465213,70824,70824,81992,81206,3.179,3.149,0.2801,0.2362,0,0,0,0,0,0,tests performed,PCR,PCR,7-day cases / tests,2022-03-01,21755,22503.2857142857,63593367,63593367,69785,69785,81203.2857142857,82401.2857142857,3.18444257703081,3.23142296918768,0.27712284689395,,0,0,0,0,0,,Samples,Not specified,,
AUT,OWID,2022-02-26,0.057,0.0417,529799,603241,58.586,66.708,0,0,0,2022-02-26,25972,30216.5714285714,158481730,158481730,697503,697503,529799,603241,58.586,66.708,0.057,0.0417,0,0,0,0,0,0,tests performed,PCR + antigen,PCR + antigen,7-day cases / tests,2022-02-28,20210,26458.1428571429,159656629,159656629,683290,683290,545433.142857143,555771.258928572,60.5633070016814,61.711221288982,0.0485084986191839,0.0502020511039831,0,0,0,0,0,0,Samples,PCR and rapid test,,
AZE,OWID,2022-02-27,0.1545,0.3562,10082,11722,0.986,1.147,0,0,0,2022-02-27,2553,1558.14285714286,6551104,6551104,7849,7849,10082,11722,0.986,1.147,0.1545,0.3562,0,0,0,0,0,0,tests performed,PCR,PCR,7-day cases / tests,2022-03-01,832,1242.57142857143,6563829,6563829,8865,8865,8924.42857142857,12457.1428571429,0.880207966409761,1.22863624195116,0.139232603928223,0.288979357798165,0,0,0,0,0,0,Not specified,Not specified,,
BDI,OWID,2022-02-26,0.0109,0.0066,1517,1957,0.124,0.16,0,0,0,2022-02-26,0,16.5714285714286,1403912,1403912,,2136.66666666674,1517,1957,0.124,0.16,0.0109,0.0066,0,0,0,0,0,0,tests performed,,,,2022-02-26,0,16.5714285714286,1403912,1403912,6410,3205,1517.23809523811,1957.42857142857,0.127595500398462,0.164614294124007,0.0109221015629903,0.00664136622390892,0,0,0,0,0,0,Not specified,Not specified,,
BEL,OWID,2022-02-24,0.21,0.257,37628,46469,3.235,3.995,0,0,0,2022-02-24,8634,7593.85714285714,31622644,31622644,34702,34702,37628,46469,3.235,3.995,0.21,0.257,0,0,0,0,0,0,tests performed,PCR + antigen,PCR,Directly from source,2022-03-01,6527,6181.85714285714,31718358,31718358,94719,31573,37888.5714285714,43413.1428571429,3.26907432515716,3.74574140268705,0.163158886961768,0.198317165308728,0,0,0,0,0,0,Samples,PCR and rapid test,,
BFA,OWID,2022-02-21,0.0105,0.0138,409,392,0.019,0.018,0,0,0,2022-02-21,0,4.28571428571429,317494,317494,,563,409,392,0.019,0.018,0.0105,0.0138,0,0,0,0,0,0,tests performed,,,,2022-02-21,0,4.28571428571429,317494,317494,1278,639,376.142857142857,396.857142857143,0.0179946829231621,0.0189856548274,0.0113938473224459,0.013678905687545,0,0,0,0,0,0,Not specified,Not specified,,
BGD,OWID,2022-02-27,0.0559,0.1105,23981,30538,0.144,0.184,0,0,0,2022-02-27,864,1341.28571428571,13357284,13357284,21543,21543,23981,30538,0.144,0.184,0.0559,0.1105,0,0,0,0,0,0,tests performed,PCR + antigen,PCR + antigen,7-day cases / tests,2022-02-28,897,1190.71428571429,13425156,13425156,23817,23817,23520.7142857143,28038,0.142818975679701,0.170248164722598,0.0506240699687206,0.106416801687506,0,0,0,0,0,0,Samples,Not specified,,
BGR,OWID,2022-02-27,0.1547,0.1815,19273,24256,2.795,3.517,0,0,0,2022-02-27,724,2981.71428571429,9165927,9165927,6559,6559,19273,24256,2.795,3.517,0.1547,0.1815,0,0,0,0,0,0,tests performed,PCR + antigen,PCR + antigen,7-day cases / tests,2022-01-02,1356,2117.14285714286,7457776,7457776,7428,7428,24118.8571428571,26455.4285714286,3.47133810346246,3.80763220659594,0.0877795678544352,0.0536049852042249,0,0,0,0,0,0,Not specified,Not specified,,
BHR,OWID,2022-02-27,0.2373,0.1818,12028,22407,6.88,12.816,0,0,0,2022-02-27,2916,2854.14285714286,9373559,9373559,10682,10682,12028,22407,6.88,12.816,0.2373,0.1818,0,0,0,0,0,0,units unclear,PCR,PCR,7-day cases / tests,2022-03-01,2752,2714,9397068,9397068,23509,11754.5,11869.7142857143,18846.2857142857,6.9739801913715,11.0730233338929,0.228649143077219,0.190829568539462,0,0,0,0,0,0,Not specified,PCR,,
BHS,OWID,2022-02-22,0.0463,0.048,336,414,0.847,1.043,0,0,0,2022-02-22,13,15.5714285714286,218582,218582,,335,336,414,0.847,1.043,0.0463,0.048,0,0,0,0,0,0,tests performed,PCR,PCR,7-day cases / tests,2022-02-23,0,10.8571428571429,219023,219023,800,400,398.571428571429,,1.01417666303162,,0.0272401433691756,,0,0,0,0,,0,Samples,Not specified,,
BIH,FIND,2022-03-01,0.253865218930721,0.331090297353824,1210.42857142857,1571,0.368920625244917,0.478817433709235,0,0,0,2022-01-05,1556,794.857142857143,1499302,1499302,,3213.60000000009,3502,2663,1.073,0.816,0.227,0.1824,0,0,0,0,0,0,tests performed,unclear,unclear,7-day cases / tests,2022-03-01,179,307.285714285714,1209089,1209089,819,819,1210.42857142857,1571,0.368920625244917,0.478817433709235,0.253865218930721,0.331090297353824,0,0,0,0,0,0,Samples,Not specified,,
BLR,OWID,2022-02-27,0.2497,0.3156,19599,23200,2.076,2.457,0,0,0,2022-02-27,4135,4893,12427770,12427770,19136,19136,19599,23200,2.076,2.457,0.2497,0.3156,0,0,0,0,0,0,tests performed,unclear,unclear,7-day cases / tests,2022-03-01,1527,4453.42857142857,12444066,12444066,5257,5257,18088.8571428571,22348.2857142857,1.91436735557807,2.36514823942065,0.246197343273681,0.296424142471778,0,0,0,0,0,0,Samples,Not specified,,
BLZ,OWID,2022-02-23,0.0727,0.0886,1271,1685,3.139,4.161,0,0,0,2022-02-23,76,92.4285714285714,496949,496949,,1249,1271,1685,3.139,4.161,0.0727,0.0886,0,0,0,0,0,0,tests performed,PCR + antigen,PCR + antigen,7-day cases / tests,2022-02-24,75,78.5714285714286,496949,496949,2498,1249,1270.53061224489,1684.67991407089,3.19228797046456,4.23286410570576,0.0618414289385764,0.0849673911033723,0,0,0,0,0,0,Samples and People,Not specified,,
BOL,OWID,2022-02-24,0.1114,0.1597,6108,7304,0.516,0.617,0,0,0,2022-02-24,0,680.285714285714,3868938,3868938,6356,6356,6108,7304,0.516,0.617,0.1114,0.1597,0,0,0,0,0,0,tests performed,PCR,PCR,7-day cases / tests,2022-01-02,11278,4918.42857142857,3053948,3053948,8484,8484,7742.64285714286,8895.78571428571,0.663295027597264,0.762082216592625,0.635238982628671,0.190379071952209,0,0,0,0,0,0,People,Not specified,,
BTN,OWID,2022-02-27,0.036,0.0348,8392,10866,10.76,13.933,0,0,0,2022-02-27,374,302.285714285714,1711669,1711669,13010,13010,8392,10866,10.76,13.933,0.036,0.0348,0,0,0,0,0,0,samples tested,PCR + antigen,PCR + antigen,7-day cases / tests,2022-02-24,496,332.428571428571,1691485,1691485,7897,7897,7435.57142857143,13429.4285714286,9.63156920799408,17.3956328645448,0.0447078714288459,0.0202540263387443,0,0,0,0,0,0,Samples,PCR and rapid test,,
BWA,OWID,2022-02-18,0.0843,0.1349,3826,3826,1.596,1.596,0,0,0,2022-02-18,0,322.571428571429,2165678,2165678,,3826.20000000019,3826,3826,1.596,1.596,0.0843,0.1349,0,0,0,0,0,0,tests performed,,,7-day cases / tests,2022-02-18,0,322.571428571429,2165678,2165678,57393,2608.77272727294,2608.77272727274,2608.77272727274,1.10917207792208,1.10917207792208,0.123648727694517,0.19790367665544,0,0,0,0,0,0,Not specified,Not specified,,
CAF,,,,,,,,,,,,2022-02-08,0,14.8571428571429,82793,82793,,53.3999999999942,73,123,0.015,0.025,0.2035,0.0918,0,0,0,0,0,0,tests performed,,,,2022-02-08,0,14.8571428571429,82793,82793,267,44.5,57.6984126984129,136.888888888888,0.0119458411383878,0.0283413848631239,0.257496561210453,0.0824443413729131,0,0,0,0,0,0,Not specified,Not specified,,
CAN,OWID,2022-02-24,0.1176,0.1358,49325,59537,1.296,1.564,0,0,0,2022-02-24,5644,5802.57142857143,58032175,58032175,50541,50541,49325,59537,1.296,1.564,0.1176,0.1358,0,0,0,0,0,0,tests performed,PCR + antigen,PCR + antigen,7-day cases / tests,2022-03-01,3970,6183.71428571429,58127051,58127051,38012,38012,50819.8571428572,59936,1.34650673368812,1.58804514864077,0.121679096191309,0.0981856837769812,0,0,0,0,0,0,People,Not specified,,
CHE,OWID,2022-02-24,0.394,0.359,41052,57545,4.71,6.603,0,0,0,2022-02-24,17526,17067.1428571429,18563383,18563383,39144,39144,41052,57545,4.71,6.603,0.394,0.359,0,0,0,0,0,0,tests performed,PCR + antigen,PCR + antigen,Directly from source,2022-03-01,16769,15300.2857142857,19175682,19175682,41028,41028,42216.5714285714,49524.1428571429,4.87770900387885,5.72202690434926,0.362423692794976,0.301630662101313,0,0,0,0,0,0,Samples,PCR and rapid test,,
CHL,OWID,2022-02-27,0.2847,0.3143,95338,104517,4.962,5.44,0,0,0,2022-02-27,25770,27145.4285714286,32693218,32693218,99813,99813,95338,104517,4.962,5.44,0.2847,0.3143,0,0,0,0,0,0,tests performed,PCR + antigen,PCR + antigen,7-day cases / tests,2022-02-02,30715,28742,30144567,30144567,111306,111306,118042.428571429,93678.4285714286,6.17505903805339,4.90052461662631,0.243488721367741,0.179070040518552,0,0,0,0,0,0,Samples,PCR,,
CHN,,,,,,,,,,,,2020-08-06,37,39,1.6e+08,1.6e+08,,,1627907,1627907,1.127,1.127,0,0,,0,0,,0,0,tests performed,,,7-day cases / tests,,,,,,,,,,,,,,,,,,,,,,,
CIV,OWID,2022-02-27,0.0059,0.0156,2430,2286,0.09,0.084,0,0,0,2022-02-27,0,14.2857142857143,1414287,1414287,2689,2689,2430,2286,0.09,0.084,0.0059,0.0156,0,0,0,0,0,0,tests performed,,,7-day cases / tests,2022-02-28,16,15.5714285714286,1414287,1414287,2689,1344.5,2042.57142857143,2382.60714285714,0.0774346587524236,0.0903255418476436,0.00762344383829906,0.00965329096278087,0,0,0,0,0,0,Not specified,Not specified,,
COD,FIND,2022-02-28,0.0358314408276558,0.0206006453214197,566.142857142857,575.571428571429,0.00632131013658688,0.00642658555142784,0,0,0,2021-08-20,142,132.571428571429,,,2098,2098,2085,1939,0.023,0.021,0.0636,0.1265,0,0,0,0,0,0,samples tested,Unclear,Unclear,7-day cases / tests,2022-02-28,19,20.2857142857143,955528,955528,774,387,566.142857142857,575.571428571429,0.00632131013658688,0.00642658555142784,0.0358314408276558,0.0206006453214197,0,0,0,0,0,0,Not specified,Not specified,,
COL,OWID,2022-02-27,0.097,0.144,30252,32125,0.59,0.627,0,0,0,2022-02-27,1908,2237,33104172,33104172,29134,29134,30252,32125,0.59,0.627,0.097,0.144,0,0,0,0,0,0,tests performed,PCR + antigen,PCR + antigen,Directly from source,2022-02-27,1908,2237,33165748,33165748,80215,26738.3333333321,34705.8571428572,27959.5,0.682071755652323,0.549486075899613,0.0644559790237136,0.137683843722936,0,0,0,0,0,0,Not specified,PCR and rapid test,,
CPV,FIND,2022-02-28,0.00949628406275805,0.00688405797101449,346,394.285714285714,0.622302158273381,0.709146968139774,0,0,0,2020-12-10,11,37.8571428571429,,,391,391,324,396,0.577,0.705,0.1168,0.1328,0,0,0,0,0,0,tests performed,PCR,PCR,7-day cases / tests,2022-02-28,4,3.28571428571429,461845,461845,286,143,346,394.285714285714,0.622302158273381,0.709146968139774,0.00949628406275805,0.00688405797101449,0,0,0,0,0,0,Not specified,Not specified,,
CRI,OWID,2022-02-20,0.313,0.383,9881,11267,1.923,2.192,0,0,0,2022-02-20,0,3763.42857142857,2838649,2838649,8795,8795,9881,11267,1.923,2.192,0.313,0.383,0,0,0,0,0,0,people tested,PCR,PCR,Directly from source,2022-02-23,3195,3101.71428571429,3712867,3712867,76945,10992.1428571427,10992.1428571429,13010.7142857143,2.15786078860284,2.55412530147513,0.282175579959712,0.32247049135328,0,0,0,0,0,0,Samples,Not specified,,
CUB,FIND,2022-02-23,0.0458414690331498,0.0573488543832715,13023.1428571429,14702,1.14974334396953,1.29796062505518,0,0,0,2021-07-04,3519,3127.57142857143,5296762,5296762,38826,38826,35601,31782,3.146,2.808,0.0879,0.0654,0,0,0,0,0,0,tests performed,PCR,PCR,7-day cases / tests,2022-02-23,513,597,13039224,13039224,13287,13287,13023.1428571429,14702,1.14974334396953,1.29796062505518,0.0458414690331498,0.0573488543832715,0,0,0,0,0,0,Samples,Not specified,,
CYP,OWID,2022-02-27,0.0186,0.0226,107067,102009,119.494,113.849,0,0,0,2022-02-27,1387,1991.57142857143,25569789,25569789,93207,93207,107067,102009,119.494,113.849,0.0186,0.0226,0,0,0,0,0,0,tests performed,PCR + antigen,PCR + antigen,7-day cases / tests,2021-07-11,960,854,8765215,8765215,63665,63665,53356.7142857143,42984.7346938775,44.2060598887442,35.6128705003128,0.0160054833104416,0.0108410579550785,0,0,0,0,0,0,Samples,PCR and rapid test,,
CZE,OWID,2022-02-26,0.215,0.205,45014,76120,4.197,7.098,0,0,0,2022-02-26,9157,10128.1428571429,51664323,51664323,24455,24455,45014,76120,4.197,7.098,0.215,0.205,0,0,0,0,0,0,tests performed,PCR + antigen,PCR + antigen,Directly from source,2022-03-01,13543,9143.14285714286,52650835,52650835,71585,35792.5,44414.5714285714,69263.1428571429,4.14740605365314,6.46775075704014,0.205859080996584,0.14963843891412,0,0,0,0,0,0,Samples,PCR and rapid test,,
DEU,OWID,2022-02-20,0.457,0.441,306323,355636,3.651,4.239,0,0,0,2022-02-20,61908,173292.714285714,109315956,109315956,,306322.857142851,306323,355636,3.651,4.239,0.457,0.441,0,0,0,0,0,0,tests performed,PCR,PCR,Directly from source,2022-02-22,221478,190660.285714286,109385449,109385449,2221612,317373.142857149,317373.142857143,351715.857142857,3.78799225218589,4.19788810683254,0.600744864539803,0.451880596796684,0,0,0,0,0,0,Samples,Not specified,,
DJI,OWID,2022-02-27,0.0017,0.003,424,382,0.423,0.381,0,0,0,2022-02-27,0,0.714285714285714,284464,284464,321,321,424,382,0.423,0.381,0.0017,0.003,0,0,0,0,0,0,tests performed,,,,2022-02-28,0,0.714285714285714,284464,284464,321,160.5,351.285714285714,404.857142857143,0.355552342394448,0.409774436090225,0.00203334688897926,0.00282286520818631,0,0,0,0,0,0,Not specified,Not specified,,
DNK,OWID,2022-02-24,0.3442,0.3375,86446,121411,14.87,20.885,0,0,0,2022-02-24,25209,29752,62484678,62484678,54205,54205,86446,121411,14.87,20.885,0.3442,0.3375,0,0,0,0,0,0,tests performed,unclear,unclear,7-day cases / tests,2021-10-13,805,642.714285714286,84399258,84399258,227034,45406.799999997,53399,63073,9.21944060773481,10.8896754143646,0.0120360734417177,0.00723651279356573,0,0,0,0,0,0,Samples and People,PCR and rapid test,,
DOM,OWID,2022-02-23,0.0621,0.1194,4512,5712,0.412,0.521,0,0,0,2022-02-23,0,280,3093792,3093792,,4768,4512,5712,0.412,0.521,0.0621,0.1194,0,0,0,0,0,0,samples tested,PCR,PCR,7-day cases / tests,2021-09-23,279,268.285714285714,2039561,2039561,3738,3738,3583.57142857143,4369.71428571429,0.330343973872735,0.402812895069532,0.0748654574446881,0.0654505034654113,0,0,0,0,0,0,Samples,PCR and rapid test,,
ECU,OWID,2022-02-24,0.5015,0.6282,5365,6243,0.3,0.349,0,0,0,2022-02-24,7219,2690.71428571429,2509214,2509214,6255,6255,5365,6243,0.3,0.349,0.5015,0.6282,0,0,0,0,0,0,people tested,PCR,PCR,7-day cases / tests,2022-02-01,7259,6771.28571428572,2470170,2470170,64769,10794.8333333335,10855.8571428571,12839.1428571429,0.615306758649728,0.727718803896325,0.623744917161243,0.587077464005163,0,0,0,0,0,0,Samples,PCR,,
ESP,OWID,2022-02-16,0.222,0.27,114906,152921,2.458,3.271,0,0,0,2022-02-16,37108,34607.5714285714,84456901,84456901,114166,114166,114906,152921,2.458,3.271,0.222,0.27,0,0,0,0,0,0,tests performed,PCR + antigen,PCR + antigen + antibody (only under ‘exceptional’ circumstances),7-day cases / tests,2021-11-15,9798,3556.85714285714,62986857,62986857,719067,143813.399999999,122031.571428571,68875.3035714286,2.61002184640298,1.47311097361627,0.029147024013692,0.0433661557623417,0,0,0,0,0,0,Samples,PCR and rapid test,,
EST,OWID,2022-02-27,0.5763,0.5801,8032,9639,6.061,7.274,0,0,0,2022-02-27,4194,4628.85714285714,3115090,3115090,4373,4373,8032,9639,6.061,7.274,0.5763,0.5801,0,0,0,0,0,0,tests performed,PCR,PCR,7-day cases / tests,2022-03-01,4653,4442,3108924,3108924,8437,8437,7742.42857142857,9325.5142857143,5.83453547206373,7.02751641726775,0.573721792719154,0.627755497207354,0,0,0,0,0,0,Samples,Not specified,,
ETH,OWID,2022-02-27,0.0083,0.0264,5660,4578,0.048,0.039,0,0,0,2022-02-27,49,47,4497273,4497273,5211,5211,5660,4578,0.048,0.039,0.0083,0.0264,0,0,0,0,0,0,tests performed,,,7-day cases / tests,2022-02-28,53,49.7142857142857,4497273,4497273,5211,2605.5,5169.28571428571,4543.71428571429,0.0449643863669124,0.0395229314021284,0.00961724471466077,0.0252782493869081,0,0,0,0,0,0,Not specified,Not specified,,
FIN,OWID,2022-02-26,0.201,0.326,10787,16658,1.944,3.002,0,0,0,2022-02-26,0,4669,9927042,9927042,2578,2578,10787,16658,1.944,3.002,0.201,0.326,0,0,0,0,0,0,tests performed,,,7-day cases / tests,2021-09-15,480,437.428571428571,6886900,6886900,116600,16657.1428571427,16657.1428571429,24985.7142857143,3.0061618583546,4.50924278753191,0.0262607204116638,0.0206003430531732,0,0,0,0,0,0,Samples,Not specified,,
FRA,OWID,2022-02-24,0.212,0.249,313892,396770,4.656,5.885,0,0,0,2022-02-24,66805,66629.8571428572,246600349,246600349,302559,302559,313892,396770,4.656,5.885,0.212,0.249,0,0,0,0,0,0,people tested,PCR + antigen,PCR + antigen,Directly from source,2022-03-01,81442,56539.1428571429,247236409,247236409,303182,303182,305444.857142857,379392.857142857,4.67942606769705,5.81231205599254,0.185104255432592,0.255016097147698,0,0,0,0,0,0,Samples,PCR,,
FRO,OWID,2022-02-26,0.6621,0.3742,539,1020,10.988,20.794,0,0,0,2022-02-26,0,356.857142857143,777845,777845,,380.5,539,1020,10.988,20.794,0.6621,0.3742,0,0,0,0,0,0,people tested,Unclear,Unclear,7-day cases / tests,2022-02-27,,,777845,777845,206,206,529.714285714286,874.571428571429,10.8104956268222,17.8483965014577,,,0,0,,0,0,,Samples,Not specified,,
GAB,OWID,2022-02-23,0.0132,0.0071,798,948,0.35,0.416,0,0,0,2022-02-23,14,10.5714285714286,1564505,1564505,,851,798,948,0.35,0.416,0.0132,0.0071,0,0,0,0,0,0,tests performed,unclear,unclear,7-day cases / tests,2022-02-24,0,7.57142857142857,1564505,1564505,1702,340.399999999907,589.857142857143,992.142857142857,0.26498523937877,0.445706584520601,0.0128360377815452,0.00979121670266379,0,0,0,0,0,0,Not specified,Not specified,,
GBR,OWID,2022-02-24,0.0529,0.0535,745187,905939,10.925,13.282,0,0,0,2022-02-24,38668,39441.7142857143,462207375,462207375,764641,764641,745187,905939,10.925,13.282,0.0529,0.0535,0,0,0,0,0,0,tests performed,PCR + antigen,PCR + antigen,7-day cases / tests,2022-02-15,46341,66650.4285714286,464167208,464167208,958101,958101,1004828.57142857,1190980.85714286,14.8017053800279,17.5438360949659,0.0663301487105121,0.0612863394949613,0,0,0,0,0,0,Samples,PCR and rapid test,,
GEO,OWID,2022-02-25,0.3848,0.3278,24401,47148,6.131,11.847,0,0,0,2022-02-25,7482,9390.14285714286,13393983,13393983,35583,35583,24401,47148,6.131,11.847,0.3848,0.3278,0,0,0,0,0,0,tests performed,PCR + antigen,PCR + antigen,7-day cases / tests,2021-06-16,811,704.285714285714,2868759,2868759,24168,12084,12404.5952380952,10883.8333333334,3.10970048585992,2.72846160274088,0.056776194689756,0.0669275749746783,0,0,0,0,0,0,Samples,PCR and rapid test,,
GHA,OWID,2022-02-23,0.0362,0.0404,3808,1443,0.12,0.045,0,0,0,2022-02-23,230,137.857142857143,2305405,2305405,,8881.5,3808,1443,0.12,0.045,0.0362,0.0404,0,0,0,0,0,0,tests performed,Unclear,Unclear,7-day cases / tests,2022-02-24,0,129.142857142857,2305405,2305405,17763,5921,3213.78571428571,2082.78571428571,0.103426953119612,0.0670287939460533,0.0401840286266753,0.0321684557083576,0,0,0,0,0,0,Not specified,Not specified,,
GMB,,,,,,,,,,,,2022-02-13,0,4.42857142857143,142622,142622,,330.399999999994,278,297,0.112,0.119,0.0159,0.0183,0,0,0,0,0,0,tests performed,PCR,PCR,7-day cases / tests,2022-02-18,0,1.85714285714286,142622,142622,-1774,-1774,0,320.08163265306,0,0.132429306021125,Inf,0.0138357561846468,1,0,0,0,0,0,Not specified,Not specified,,
GNQ,OWID,2022-02-24,0.0022,0.0052,447,466,0.308,0.321,0,0,0,2022-02-24,3,1,287396,287396,,305.666666666686,447,466,0.308,0.321,0.0022,0.0052,0,0,0,0,0,0,tests performed,unclear,unclear,7-day cases / tests,2022-02-24,3,1,286479,286479,1792,358.400000000023,373.904761904759,384.952380952384,0.266503750466685,0.274378033465705,0.00267447784004077,0.00630875804057393,0,0,0,0,0,0,Not specified,Not specified,,
GRC,OWID,2022-02-27,0.0487,0.0592,312344,301029,30.118,29.027,0,0,0,2022-02-27,8214,15210.7142857143,65433870,65433870,197080,197080,312344,301029,30.118,29.027,0.0487,0.0592,0,0,0,0,0,0,samples tested,PCR + antigen,PCR + antigen,7-day cases / tests,2022-03-01,17208,14608.1428571429,66001463,66001463,466528,466528,291764.428571429,310976.428571429,27.9923657844602,29.8355970998205,0.0500682791547584,0.0552196193096859,0,0,0,0,0,0,Samples,PCR and rapid test,,
GTM,FIND,2022-02-16,0.247197968914484,0.276671109794629,13842,11574.8571428571,0.772605492297388,0.646062577743757,0,0,0,2022-02-11,4276,3480.42857142857,3752906,3752906,15530,15530,13557,11137,0.743,0.61,0.2567,0.2575,0,0,0,0,0,0,people tested,PCR + antigen,PCR + antigen,7-day cases / tests,2022-02-16,4743,3421.71428571429,3781718,3781718,16081,16081,13842,11574.8571428571,0.772605492297388,0.646062577743757,0.247197968914484,0.276671109794629,0,0,0,0,0,0,People,Not specified,,
GUY,,,,,,,,,,,,2022-01-21,892,938.857142857143,442695,442695,,2771.45000000001,2771,2771,3.506,3.506,0.3388,0.3004,0,0,0,0,0,0,tests performed,,,,2021-07-01,87,82.4285714285714,188859,188859,3212,1070.66666666666,1076.95238095238,1081.66666666667,1.36842742179464,1.37441761965269,0.0765387336399011,0.109883337001981,0,0,0,0,0,0,People,Not specified,,
HKG,,,,,,,,,,,,2022-02-08,625,331.571428571429,36260319,36260319,,208442.75,208443,148763,27.598,19.696,0.0015,,0,0,0,0,0,0,tests performed,Unclear,Unclear,Directly from source,2021-12-14,,,29296086,29296086,756538,54038.4285714291,54038.4285714286,54038.4285714286,7.20800701232874,7.20800701232874,,,0,0,,0,0,,Samples,Not specified,,
HRV,OWID,2022-02-27,0.2803,0.4064,6821,8189,1.671,2.006,0,0,0,2022-02-27,1028,1912,4512457,4512457,4317,4317,6821,8189,1.671,2.006,0.2803,0.4064,0,0,0,0,0,0,people tested,unclear,unclear,7-day cases / tests,2022-02-28,198,1895.71428571429,4519621,4519621,5675,5675,5934,8417.71428571429,1.44555420219245,2.05060031320689,0.319466512590881,0.392997759826217,0,0,0,0,0,0,People,Not specified,,
HUN,OWID,2022-02-25,0.2393,0.3014,19552,23905,2.029,2.481,0,0,0,2022-02-25,4498,4678.57142857143,10283077,10283077,22634,22634,19552,23905,2.029,2.481,0.2393,0.3014,0,0,0,0,0,0,tests performed,PCR + antigen,PCR + antigen,7-day cases / tests,2022-03-01,2037,3814.71428571429,10789819,10789819,4832,4832,17252.7142857143,21183.5714285714,1.78599526767229,2.19291629695356,0.221108065811591,0.279158377448832,0,0,0,0,0,0,Samples,Not specified,,
IDN,OWID,2022-02-27,0.1771,0.1766,275833,315313,0.998,1.141,0,0,0,2022-02-27,34976,48841.2857142857,56109746,56109746,194731,194731,275833,315313,0.998,1.141,0.1771,0.1766,0,0,0,0,0,0,people tested,PCR + rapid molecular + antigen,Unclear,7-day cases / tests,2022-03-01,24728,42823.1428571429,85019478,85019478,438751,438751,440880.285714286,499212.571428572,1.61185228979646,1.82511432791481,0.0971309996040389,0.111056612585306,0,0,0,0,0,0,Samples and People,PCR and rapid test,,
IND,OWID,2022-02-27,0.0115,0.0202,1063182,1225627,0.763,0.88,0,0,0,2022-02-27,8013,12229.4285714286,766757518,766757518,1022204,1022204,1063182,1225627,0.763,0.88,0.0115,0.0202,0,0,0,0,0,0,samples tested,PCR + antigen,PCR + antigen,7-day cases / tests,2022-03-01,7554,10224,768382993,768382993,901647,901647,1021773.28571429,1171039.71428571,0.740413278305197,0.848577043461986,0.0100061335943548,0.0175025172990351,0,0,0,0,0,0,Samples,Not specified,,
IRL,OWID,2022-02-25,0.288,0.1941,13436,16428,2.696,3.297,0,0,0,2022-02-25,4304,3869.71428571429,11345980,11345980,12939,12939,13436,16428,2.696,3.297,0.288,0.1941,0,0,0,0,0,0,tests performed,PCR,PCR,7-day cases / tests,2022-03-01,3298,3380.28571428571,11388656,11388656,11565,11565,12274.4285714286,15543.8571428571,2.48570849968177,3.14780420065961,0.275392511725888,0.275892176054849,0,0,0,0,0,0,Samples,Not specified,,
IRN,OWID,2022-02-27,0.1795,0.242,77990,80388,0.917,0.945,0,0,0,2022-02-27,9524,14002.1428571429,47168989,47168989,81246,81246,77990,80388,0.917,0.945,0.1795,0.242,0,0,0,0,0,0,tests performed,PCR,PCR,7-day cases / tests,2022-02-24,12957,16831.7142857143,46938366,46938366,76237,76237,78641.2857142857,83015.1428571429,0.936283805963422,0.988357873360195,0.21403152469895,0.281363468971238,0,0,0,0,0,0,Samples,Not specified,,
IRQ,OWID,2022-02-22,0.1108,0.1565,17223,20741,0.418,0.504,0,0,0,2022-02-22,1685,1909,17887384,17887384,,16642.6666666679,17223,20741,0.418,0.504,0.1108,0.1565,0,0,0,0,0,0,samples tested,unclear,unclear,7-day cases / tests,2022-02-24,1499,1673.28571428571,17921881,17921881,17059,17059,16413.5714285714,19487.5714285714,0.408064327090755,0.484488263644468,0.101945254362679,0.137127693108428,0,0,0,0,0,0,Not specified,Not specified,,
ISR,OWID,2022-02-27,0.1402,0.1866,74265,97052,7.993,10.446,0,0,0,2022-02-27,10514,10411.4285714286,48742063,48742063,69902,69902,74265,97052,7.993,10.446,0.1402,0.1866,0,0,0,0,0,0,tests performed,unclear,unclear,7-day cases / tests,2022-01-23,0,60065.5714285714,44553691,44553691,415147,415147,414851.571428572,401371.714285714,47.9264754423026,46.3691906522313,0.144788101493099,0.102878628360885,0,0,0,0,0,0,Samples,Not specified,,
ITA,OWID,2022-02-27,0.0985,0.1057,427337,492564,7.079,8.159,0,0,0,2022-02-27,31878,42083.2857142857,187137866,187137866,317784,317784,427337,492564,7.079,8.159,0.0985,0.1057,0,0,0,0,0,0,tests performed,PCR + antigen,PCR + antigen,7-day cases / tests,2022-03-01,47136,39339.4285714286,187867237,187867237,530858,530858,412189.142857143,471960,6.81732564018959,7.80589461149152,0.0954402347881902,0.105675420435146,0,0,0,0,0,0,Samples and People,PCR and rapid test,,
JAM,OWID,2022-02-26,0.0297,0.0483,1922,1864,0.646,0.627,0,0,0,2022-02-26,60,57.1428571428572,848470,848470,2504,2504,1922,1864,0.646,0.627,0.0297,0.0483,0,0,0,0,0,0,samples tested,PCR + antigen,PCR + antigen,7-day cases / tests,2021-09-23,435,486.428571428572,591957,591957,1510,1510,1717.28571428571,1689.85714285714,0.579968157475756,0.570704877695759,0.283254304966309,0.336630315326739,0,0,0,0,0,0,Samples,PCR and rapid test,,
JOR,OWID,2022-02-27,0.189,0.2426,39742,60385,3.87,5.88,0,0,0,2022-02-27,6296,7509.57142857143,16246059,16246059,35040,35040,39742,60385,3.87,5.88,0.189,0.2426,0,0,0,0,0,0,tests performed,unclear,unclear,7-day cases / tests,2021-12-27,2024,2092.71428571429,13416659,13416659,79744,79744,42784.4285714286,46595.5384615386,4.19331849176013,4.56684685499741,0.0489129890380679,0.0765064051314632,0,0,0,0,0,0,Samples,PCR,,
JPN,OWID,2022-02-27,0.3998,0.4408,165847,184992,1.316,1.468,0,0,0,2022-02-27,63623,66302.4285714286,37263716,37263716,72181,72181,165847,184992,1.316,1.468,0.3998,0.4408,0,0,0,0,0,0,people tested,PCR,PCR,7-day cases / tests,2022-02-15,84158,83668.5714285714,35222809,35222809,177845,177845,172351,222451.571428571,1.36271703722445,1.75884413982551,0.48545451682074,0.42282654137883,0,0,0,0,0,0,Samples,PCR,,
KAZ,,,,,,,,,,,,2021-06-08,1119,1197.57142857143,11965068,11965068,52729,52729,39955,50401,2.103,2.653,0.03,0.0318,0,0,0,0,0,0,tests performed,,,7-day cases / tests,2021-05-28,1688,1888.85714285714,11575012,11575012,304063,76015.75,65483.1785714286,64627.7357142858,3.48741431386423,3.44185629835894,0.0288449214602005,0.0347882482565258,0,0,0,0,0,0,Samples,Not specified,,
KEN,OWID,2022-02-27,0.0064,0.0061,5240,5186,0.095,0.094,0,0,0,2022-02-27,24,33.4285714285714,3368063,3368063,4459,4459,5240,5186,0.095,0.094,0.0064,0.0061,0,0,0,0,0,0,tests performed,PCR + antigen,PCR + antigen,7-day cases / tests,2022-02-28,16,34.8571428571429,3368063,3368063,4459,2229.5,4593,5543.57142857143,0.0854177902586896,0.103095933283209,0.00758918851668688,0.00528282437830177,0,0,0,0,0,0,Not specified,Not specified,,
KHM,OWID,2022-02-27,0.1852,0.1615,2647,2695,0.156,0.159,0,0,0,2022-02-27,372,490.142857142857,2859086,2859086,,2072,2647,2695,0.156,0.159,0.1852,0.1615,0,0,0,0,0,0,tests performed,PCR + antigen,PCR + antigen,7-day cases / tests,2022-02-28,356,471.285714285714,2863426,2863426,2274,2274,2401.28571428571,2805.14285714286,0.143626156725026,0.167781736775098,0.196263906240704,0.153900998166633,0,0,0,0,0,0,People,Not specified,,
KNA,OWID,2022-02-25,0.0208,0.0625,55,48,1.027,0.896,0,0,0,2022-02-25,1,1.14285714285714,66657,66657,,62.6666666666715,55,48,1.027,0.896,0.0208,0.0625,0,0,0,0,0,0,people tested,unclear,unclear,7-day cases / tests,2021-09-20,48,29.1428571428571,36602,36602,380,190,267.142857142857,273.142857142857,5.04043126684636,5.15363881401617,0.109090909090909,0.128661087866109,0,0,0,0,0,0,People,Not specified,,
KOR,OWID,2022-02-27,0.3164,0.2405,485943,387847,9.472,7.56,0,0,0,2022-02-27,139615,153753.142857143,61071508,61071508,367518,367518,485943,387847,9.472,7.56,0.3164,0.2405,0,0,0,0,0,0,people tested,PCR,PCR,7-day cases / tests,2021-10-31,1686,1899.57142857143,15804065,15804065,28365,28365,42725.7142857143,40588.1428571429,0.833363519587163,0.791670265796931,0.0444596763407784,0.0339437626048424,0,0,0,0,0,0,Samples,Not specified,,
KWT,OWID,2022-02-27,0.0399,0.0716,22551,23373,5.21,5.4,0,0,0,2022-02-27,607,899.285714285714,7626573,7626573,22357,22357,22551,23373,5.21,5.4,0.0399,0.0716,0,0,0,0,0,0,tests performed,PCR,PCR,7-day cases / tests,2022-02-24,866,1117.42857142857,7553030,7553030,25186,25186,21310.5714285714,25274.2857142857,4.98959761849015,5.91765060039469,0.0524354109965544,0.0879719647298214,0,0,0,0,0,0,Not specified,Not specified,,
LAO,OWID,2022-02-25,0.1808,0.2688,1290,1155,0.175,0.157,0,0,0,2022-02-25,304,233.285714285714,981093,981093,2684,2684,1290,1155,0.175,0.157,0.1808,0.2688,0,0,0,0,0,0,tests performed,unclear,unclear,7-day cases / tests,2021-07-06,56,35.1428571428571,305013,305013,1559,1559,1457.57142857143,1341.78571428571,0.200325924762428,0.184412550066756,0.0241105557189062,0.00457812084109662,1,0,0,0,0,0,People,Not specified,,
LBY,FIND,2022-02-28,0.369655039877006,0.355433932759969,2973.42857142857,5481.42857142857,0.432750483398133,0.797762854232073,0,0,0,2020-11-12,919,909.142857142857,,,3864,3864,3669,3389,0.527,0.487,0.2478,0.2438,0,0,0,0,0,0,samples tested,PCR + antigen,PCR + antigen,7-day cases / tests,2022-02-28,898,1099.14285714286,2415880,2415880,4745,1581.66666666651,2973.42857142857,5481.42857142857,0.432750483398133,0.797762854232073,0.369655039877006,0.355433932759969,0,0,0,0,0,0,Not specified,Not specified,,
LIE,,,,,,,,,,,,2022-01-10,58,68.5714285714286,90632,90632,248,248,220,193,5.751,5.045,0.344,0.257,0,0,0,0,0,0,tests performed,PCR + antigen,PCR + antigen,Directly from source,,,,,,,,,,,,,,,,,,,,,,,
LKA,OWID,2022-02-27,0.1231,0.1227,9513,10151,0.443,0.472,0,0,0,2022-02-27,977,1171.42857142857,7371044,7371044,8165,8165,9513,10151,0.443,0.472,0.1231,0.1227,0,0,0,0,0,0,tests performed,,,7-day cases / tests,2021-03-27,278,312,2357729,2357729,99713,8309.41666666651,8309.41666666664,8986.34523809528,0.388054764239791,0.419667736332848,0.0375477620771616,0.0326686122993482,0,0,0,0,0,0,Samples,PCR,,
LTU,OWID,2022-02-24,0.501,0.508,15443,17567,5.741,6.531,0,0,0,2022-02-24,6492,6226.57142857143,8121665,8121665,13354,13354,15443,17567,5.741,6.531,0.501,0.508,0,0,0,0,0,0,tests performed,PCR + antigen,PCR + antigen,Directly from source,2022-01-26,10301,6610.14285714286,7434157,7434157,33722,33722,22486.2857142857,22866.7142857143,8.26094258423428,8.40070326440642,0.293963304617418,0.186671831170697,0,0,0,0,0,0,Samples,PCR and rapid test,,
LUX,OWID,2022-02-24,0.267,0.219,2425,2576,3.82,4.058,0,0,0,2022-02-24,819,637,4064929,4064929,2751,2751,2425,2576,3.82,4.058,0.267,0.219,0,0,0,0,0,0,tests performed,PCR,PCR,7-day cases / tests,2022-02-14,1437,838.285714285714,4039211,4039211,2366,2366,3270.71428571429,,5.22478320401643,,0.256300502293077,,0,0,0,0,,0,Samples and People,PCR,,
LVA,OWID,2022-02-27,0.4644,0.4447,19552,21627,10.473,11.584,0,0,0,2022-02-27,5427,9080,6651837,6651837,11653,11653,19552,21627,10.473,11.584,0.4644,0.4447,0,0,0,0,0,0,tests performed,PCR,PCR,7-day cases / tests,2022-01-24,3953,4877.14285714286,5892807,5892807,14510,14510,21726.8571428571,14587.2857142857,11.5200727162551,7.73450992273898,0.224475303771501,0.162950122905466,0,0,0,0,0,0,Not specified,Not specified,,
MAR,OWID,2022-02-26,0.0203,0.0395,14671,14953,0.393,0.4,0,0,0,2022-02-26,188,297.285714285714,11028453,11028453,15751,15751,14671,14953,0.393,0.4,0.0203,0.0395,0,0,0,0,0,0,people tested,PCR + antigen,PCR + antigen,7-day cases / tests,2022-02-28,83,259.714285714286,11028453,11028453,15751,7875.5,12447,14603.2142857143,0.337216547912546,0.395633125239476,0.0208656130565024,0.0354422949937636,0,0,0,0,0,0,Not specified,Not specified,,
MDA,,,,,,,,,,,,2022-01-24,2834,3069.85714285714,,,10976,10976,12754,10349,3.169,2.572,0.2407,0.1347,0,0,0,0,0,0,tests performed,PCR + antigen,PCR + antigen,7-day cases / tests,2021-06-13,39,49.1428571428572,1178531,1178531,19618,4904.5,4576.42857142857,4666.42857142857,1.1344641971811,1.15677455910475,0.010738255033557,0.00942905250267871,0,0,0,0,0,0,Samples,Not specified,,
MDG,OWID,2022-02-26,0.037,0.0921,872,914,0.031,0.032,0,0,0,2022-02-26,226,32.2857142857143,398434,398434,,872.076923076937,872,914,0.031,0.032,0.037,0.0921,0,0,0,0,0,0,tests performed,PCR,PCR,7-day cases / tests,2022-02-26,226,32.2857142857143,398434,398434,11337,809.785714285739,809.785714285714,809.785714285714,0.0292436428545634,0.0292436428545634,0.0398694540001764,0.103907559319044,0,0,0,0,0,0,Not specified,Not specified,,
MDV,OWID,2022-02-27,0.1829,0.2142,3560,4010,6.549,7.376,0,0,0,2022-02-27,484,651.285714285714,2181295,2181295,3014,3014,3560,4010,6.549,7.376,0.1829,0.2142,0,0,0,0,0,0,samples tested,PCR + antigen,PCR + antigen,7-day cases / tests,2021-11-09,160,152.571428571429,1672391,1672391,4483,4483,4302.71428571429,3751.03896103896,7.95326115658833,6.93352857863024,0.0354593445997543,0.0332098466225808,0,0,0,0,0,0,People,Not specified,,
MEX,OWID,2022-02-26,0.36,0.446,9897,15121,0.076,0.116,0,0,0,2022-02-26,13459,13553.5714285714,14419368,14419368,1442,1442,9897,15121,0.076,0.116,0.36,0.446,0,0,0,0,0,0,people tested,PCR + antigen,PCR + antigen,Directly from source,2022-03-01,0,12910.2857142857,15089355,15089355,4918,4918,25417.5714285714,33896.7142857143,0.197137826844729,0.262901772903091,0.507927586652653,0.496128996910784,0,0,0,0,0,0,People,Not specified,,
MKD,OWID,2022-02-27,0.1789,0.238,2997,3788,1.439,1.819,,0,0,2022-02-27,378,536.142857142857,1889266,1889266,2560,2560,2997,3788,1.439,1.819,0.1789,0.238,0,0,0,,0,0,tests performed,,,7-day cases / tests,2022-01-10,813,1186.42857142857,1630947,1630947,119063,4960.95833333326,4960.95833333332,4960.95833333336,2.38164106257001,2.38164106257002,0.239153101419297,0.0760797704936519,0,0,0,0,0,0,Samples,Not specified,,
MLT,OWID,2022-02-27,0.0492,0.0527,1656,1756,3.209,3.402,0,0,0,2022-02-27,56,81.4285714285714,1738128,1738128,1467,1467,1656,1756,3.209,3.402,0.0492,0.0527,0,0,0,0,0,0,tests performed,PCR + antigen,PCR + antigen,7-day cases / tests,2021-09-06,37,55.5714285714286,1211456,1211456,2601,2601,3465.42857142857,3178.71428571429,7.84033613445378,7.19166127989657,0.0160359469041141,0.0131230057076086,0,0,0,0,0,0,Samples,Not specified,,
MMR,OWID,2022-02-27,0.1064,0.0869,27567,31049,0.503,0.567,0,0,0,2022-02-27,1959,2933,7100472,7100472,,10363.5,27567,31049,0.503,0.567,0.1064,0.0869,0,0,0,0,0,0,samples tested,PCR + antigen,PCR + antigen,7-day cases / tests,2022-02-28,1693,2761,7120830,7120830,20358,20358,26406.7142857143,31755,0.485328327250768,0.583624333762176,0.104556741521366,0.0909058191061025,0,0,0,0,0,0,Samples,Not specified,,
MNG,OWID,2022-02-25,0.231,0.2302,7573,11344,2.275,3.407,0,0,0,2022-02-25,1737,1749.57142857143,7135436,7135436,8566,8566,7573,11344,2.275,3.407,0.231,0.2302,0,0,0,0,0,0,samples tested,PCR,PCR,7-day cases / tests,,,,,,,,,,,,,,,,,,,,,,,
MOZ,OWID,2022-02-26,0.0167,0.0235,1317,1392,0.041,0.043,0,0,0,2022-02-26,18,22,1266050,1266050,,1053.66666666674,1317,1392,0.041,0.043,0.0167,0.0235,0,0,0,0,0,0,tests performed,PCR + antigen,PCR + antigen,7-day cases / tests,2022-02-26,18,22,1266050,1266050,3161,1580.5,1317.28571428571,1277.07142857143,0.0421463994332335,0.040859748154581,0.0167010085674005,0.0256166452262431,0,0,0,0,0,0,Not specified,Not specified,,
MRT,OWID,2022-02-27,0.0014,0.003,2190,2032,0.459,0.426,0,0,0,2022-02-27,3,3,888998,888998,1501,1501,2190,2032,0.459,0.426,0.0014,0.003,0,0,0,0,0,0,tests performed,Unclear,PCR,7-day cases / tests,2022-02-28,1,2.42857142857143,888998,888998,1501,750.5,1931.85714285714,1971.57142857143,0.415453149001536,0.423993855606759,0.00125711750351253,0.00297079921744801,0,0,0,0,0,0,Samples,Not specified,,
MWI,OWID,2022-02-27,0.0303,0.0464,514,597,0.026,0.03,0,0,0,2022-02-27,14,15.5714285714286,545444,545444,548,548,514,597,0.026,0.03,0.0303,0.0464,0,0,0,0,0,0,tests performed,,,7-day cases / tests,2022-02-28,11,15.8571428571429,545444,545444,548,274,421.714285714286,641.714285714286,0.0220446568590845,0.033544918228661,0.0376016260162602,0.0434105075690116,0,0,0,0,0,0,Not specified,Not specified,,
MYS,OWID,2022-02-25,0.122,0.0962,236382,251891,7.212,7.685,0,0,0,2022-02-25,30644,28835.4285714286,50649065,50649065,192626,192626,236382,251891,7.212,7.685,0.122,0.0962,0,0,0,0,0,0,people tested,PCR + antigen,PCR + antigen,7-day cases / tests,2021-06-16,5150,5590.71428571429,13522560,13522560,162231,81115.5,85062.2063492063,93818.2222222223,2.62813465825886,2.89866595261145,0.0657250090923189,0.0711497478744779,0,0,0,0,0,0,People,Not specified,,
NAM,OWID,2022-02-27,0.0224,0.0327,1276,1070,0.493,0.414,0,0,0,2022-02-27,17,28.5714285714286,953850,953850,1810,1810,1276,1070,0.493,0.414,0.0224,0.0327,0,0,0,0,0,0,tests performed,PCR + antigen,PCR + antigen,7-day cases / tests,2022-02-28,15,27.2857142857143,953850,953850,1810,905,1096.57142857143,1044,0.431551132849834,0.41086186540732,0.024882751433038,0.0306513409961686,0,0,0,0,0,0,Not specified,Not specified,,
NER,OWID,2022-02-27,0.0049,0.0097,381,398,0.015,0.016,0,0,0,2022-02-27,5,1.85714285714286,228105,228105,,366.666666666657,381,398,0.015,0.016,0.0049,0.0097,0,0,0,0,0,0,tests performed,,,,2022-02-28,3,1.57142857142857,228105,228105,1100,366.666666666657,283.714285714286,454.714285714286,0.0117203406334649,0.018784413009224,0.00553877139979859,0.0097392397109645,0,0,0,0,0,0,Not specified,Not specified,,
NGA,OWID,2022-02-23,0.0023,0.0081,13356,4619,0.063,0.022,0,0,0,2022-02-23,0,30.7142857142857,4317621,4317621,,16851.5999999996,13356,4619,0.063,0.022,0.0023,0.0081,0,0,0,0,0,0,tests performed,PCR,PCR,7-day cases / tests,2022-02-24,76,41.5714285714286,4317621,4317621,84258,12036.8571428573,12036.8571428571,5542.29999999995,0.0583916617000929,0.0268860968273986,0.00345367798903368,0.00675325612626018,0,0,0,0,0,0,Samples,Not specified,,
NLD,OWID,2022-02-25,0.619,0.573,57302,83466,3.337,4.86,0,0,0,2022-02-25,32879,35902.7142857143,28066736,28066736,47406,47406,57302,83466,3.337,4.86,0.619,0.573,0,0,0,0,0,0,tests performed,PCR + antigen,PCR + antigen,7-day cases / tests,2022-01-25,59113,55807.7142857143,28622957,28622957,462635,231317.5,209439.571428571,152061,12.2229105006461,8.87429238400934,0.26646212988813,0.243203150615308,0,0,0,0,0,0,Samples,Not specified,,
NOR,OWID,2022-02-26,0.643,0.726,18784,19692,3.437,3.603,0,0,0,2022-02-26,8560,13871.8571428571,10750754,10750754,6625,6625,18784,19692,3.437,3.603,0.643,0.726,0,0,0,0,0,0,people tested,PCR,PCR,7-day cases / tests,2022-01-22,13337,15023,9852076,9852076,77847,25949,26722.6666666666,24469.511904762,4.92947180716963,4.51383728182291,0.56218191797226,0.377174900349754,0,0,0,0,0,0,People,Not specified,,
NPL,OWID,2022-02-28,0.033,0.055,8242,8683,0.278,0.293,0,0,0,2022-02-28,119,168.285714285714,6484603,6484603,8341,8341,8242,8683,0.278,0.293,0.033,0.055,0,0,0,0,0,0,samples tested,PCR,PCR,7-day cases / tests,2022-03-01,92,138.714285714286,5426067,5426067,4458,4458,4923.42857142857,5840.28571428572,0.168975137159919,0.200442245745468,0.0281743268337976,0.0505356880778827,0,0,0,0,0,0,Not specified,Not specified,,
NZL,OWID,2022-02-27,0.2598,0.0609,29046,27568,5.666,5.378,0,0,0,2022-02-27,15016,7545.85714285714,6688455,6688455,27790,27790,29046,27568,5.666,5.378,0.2598,0.0609,0,0,0,0,0,0,tests performed,PCR,PCR,7-day cases / tests,2022-03-01,24106,14796.1428571429,6728049,6728049,16851,16851,27148.2857142857,29036,5.63008828583279,6.02156781418499,0.545012050221535,0.0779131324661012,0,0,0,0,0,0,Samples,PCR,,
OMN,,,,,,,,,,,,2020-07-30,590,930.428571428572,,,1940,1940,2580,4206,0.494,0.805,0.3606,0.3421,0,0,0,0,0,0,units unclear,PCR,PCR,7-day cases / tests,2020-08-05,1127,245.285714285714,308333,308333,2682,447,660.285714285714,2781,0.129290329799435,0.54454670060701,0.371484205971441,0.3607130014897,0,0,0,0,0,0,People,Not specified,,
PAK,OWID,2022-02-27,0.0253,0.0445,43370,49140,0.193,0.218,0,0,0,2022-02-27,856,1097.14285714286,26393595,26393595,40127,40127,43370,49140,0.193,0.218,0.0253,0.0445,0,0,0,0,0,0,tests performed,unclear,unclear,7-day cases / tests,2022-02-28,861,1082.85714285714,26464518,26464518,37566,37566,41422.4285714286,46765.1428571429,0.187523443906654,0.211710441560323,0.0261418072334863,0.041798531262601,0,0,0,0,0,0,Samples,Not specified,,
PAN,OWID,2022-02-27,0.0864,0.1261,7441,8955,1.698,2.044,0,0,0,2022-02-27,357,643.142857142857,5510035,5510035,4593,4593,7441,8955,1.698,2.044,0.0864,0.1261,0,0,0,0,0,0,tests performed,PCR + antigen,PCR + antigen,7-day cases / tests,2022-02-14,0,2205.85714285714,5404570,5404570,5755,5755,11920.5714285714,,2.76258897533521,,0.185046258568621,,0,0,0,0,,0,Samples,Not specified,,
PER,OWID,2022-02-27,0.055,0.126,53018,63759,1.589,1.911,0,0,0,2022-02-27,3860,2893.57142857143,27340836,27340836,,54621,53018,63759,1.589,1.911,0.055,0.126,0,0,0,0,0,0,tests performed,PCR,PCR + antibody,Directly from source,2022-02-26,3762,3059.42857142857,27340836,27340836,371129,61854.8333333321,62887.8857142856,69086.2000000003,1.90731183168402,2.09529904161107,0.048648933521605,0.114215491454361,0,0,0,0,0,0,Samples,Not specified,,
PHL,OWID,2022-02-18,0.0958,0.1613,27280,32437,0.246,0.292,0,0,0,2022-02-18,2132,2612.57142857143,26321315,26321315,26764,26764,27280,32437,0.246,0.292,0.0958,0.1613,0,0,0,0,0,0,people tested,PCR,PCR,7-day cases / tests,2022-02-28,948,1210.14285714286,28228187,28228187,23874,23874,27021.1428571429,28063.5714285714,0.24658602182078,0.256098880541074,0.0447850360564214,0.0691491257094861,0,0,0,0,0,0,Samples and People,Not specified,,
POL,OWID,2022-02-27,0.1989,0.2305,76508,94427,2.024,2.498,0,0,0,2022-02-27,8897,15214.8571428571,32836790,32836790,47523,47523,76508,94427,2.024,2.498,0.1989,0.2305,0,0,0,0,0,0,people tested,Unclear,PCR + antigen,7-day cases / tests,2022-02-14,13473,32414.8571428571,32510613,32510613,108446,108446,115923.857142857,,3.06296026482567,,0.279621968607473,,0,0,0,0,,0,Samples,Not specified,,
PRT,OWID,2022-02-26,0.1232,0.1511,84991,102956,8.359,10.126,0,0,0,2022-02-26,9851,10467.5714285714,38268987,38268987,56573,56573,84991,102956,8.359,10.126,0.1232,0.1511,0,0,0,0,0,0,tests performed,PCR + antigen,PCR + antigen,7-day cases / tests,2022-03-01,11006,9620.42857142857,38383640,38383640,84172,84172,82571.5714285714,97111.8571428572,8.09763375782793,9.52357135852282,0.116510179048133,0.138901678918125,0,0,0,0,0,0,Samples,PCR and rapid test,,
PRY,OWID,2022-02-27,0.3288,0.3027,2842,4864,0.394,0.674,0,0,0,2022-02-27,2243,934.428571428571,2545783,2545783,2547,2547,2842,4864,0.394,0.674,0.3288,0.3027,0,0,0,0,0,0,tests performed,PCR,PCR,7-day cases / tests,2022-02-26,0,614,2549562,2549562,5309,2654.5,2987,5250.57142857143,0.418757885882518,0.736095812220865,0.205557415467024,0.382869891712467,0,0,0,0,0,0,Samples,Not specified,,
PSE,OWID,2022-02-18,0.4855,,8188,,1.568,,,0,0,2022-02-18,2928,3975.42857142857,,,7215,7215,8188,,1.568,,0.4855,,0,0,0,,0,0,tests performed,unclear,unclear,7-day cases / tests,2022-02-03,10374,8015.14285714286,3078533,3078533,119543,14942.875,14942.875,5684.3154761905,2.92940109782396,1.11435316137826,0.536385592273432,0.530306346305884,0,0,0,0,0,0,Samples,Not specified,,
ROU,OWID,2022-02-27,0.1774,0.2339,52431,61875,2.741,3.235,0,0,0,2022-02-27,4247,9299.57142857143,21014188,21014188,27065,27065,52431,61875,2.741,3.235,0.1774,0.2339,0,0,0,0,0,0,tests performed,PCR + antigen,PCR + antigen,7-day cases / tests,2022-03-01,8461,7979.42857142857,21103210,21103210,62368,62368,48532.4285714286,58130.5714285714,2.52273773632543,3.02165357254244,0.164414368007253,0.220734602397558,0,0,0,0,0,0,Samples,PCR and rapid test,,
RUS,OWID,2022-02-27,0.2857,0.2779,454104,629078,3.112,4.311,0,0,0,2022-02-27,114610,129727,276078171,276078171,457600,457600,454104,629078,3.112,4.311,0.2857,0.2779,0,0,0,0,0,0,tests performed,PCR,PCR,7-day cases / tests,2022-02-14,178785,188563.571428571,269789267,269789267,471319,471319,833762.428571429,,5.71328428311037,,0.22615983278553,,0,0,0,0,,0,Samples,Not specified,,
RWA,OWID,2022-02-27,0.0012,9e-04,13411,11158,1.01,0.84,0,0,0,2022-02-27,4,16.7142857142857,4813956,4813956,18837,18837,13411,11158,1.01,0.84,0.0012,9e-04,0,0,0,0,0,0,samples tested,,,7-day cases / tests,2022-02-28,13,17.7142857142857,4813956,4813956,18837,9418.5,13411,9393.42857142857,1.03543854231007,0.725249272037413,0.00132087731819295,0.00101894941752593,0,0,0,0,0,0,Not specified,Not specified,,
SAU,OWID,2022-02-27,0.0109,0.0172,66025,91077,1.868,2.577,0,0,0,2022-02-27,632,718.571428571429,40704052,40704052,62940,62940,66025,91077,1.868,2.577,0.0109,0.0172,0,0,0,0,0,0,tests performed,,,7-day cases / tests,2022-03-01,563,621.857142857143,40769021,40769021,64969,64969,63919.4285714286,86719.4285714286,1.83602655746046,2.49093550213789,0.0097287656782199,0.0142347406084647,0,0,0,0,0,0,Samples,Not specified,,
SEN,OWID,2022-02-25,0.0148,0.0168,1259,1484,0.073,0.086,0,0,0,2022-02-25,14,18.5714285714286,1028844,1028844,1196,1196,1259,1484,0.073,0.086,0.0148,0.0168,0,0,0,0,0,0,tests performed,PCR,PCR,7-day cases / tests,2022-02-28,17,15,1014836,1014836,1349,674.5,1230.85714285714,1180.21428571429,0.0735103405910859,0.0704858030168589,0.0121866295264624,0.0179144223204019,0,0,0,0,0,0,Not specified,Not specified,,
SGP,OWID,2022-02-21,0.0709,0.0374,237000,278700,43.458,51.104,0,0,0,2022-02-21,13623,16812,,,237000,237000,237000,278700,43.458,51.104,0.0709,0.0374,0,0,0,0,0,0,samples tested,Unclear,Unclear,7-day cases / tests,2021-09-20,917,918.142857142857,19108195,19108195,469378,67054,67054,63021.4285714286,11.4622222222222,10.7728937728938,0.0136925889155435,0.00769126147568854,0,0,0,0,0,0,Samples,Not specified,,
SLV,FIND,2022-03-01,0.280739649811815,0,4365,4365,0.672987974098057,0.672987974098057,0,0,0,2022-02-13,0,0,1330216,1330216,4714,4714,4681,4687,0.718,0.719,0.184,0.203,0,0,0,0,0,0,tests performed,PCR + antigen,PCR + antigen,7-day cases / tests,2022-03-01,0,1225.42857142857,1758939,1758939,65475,4365,4365,4365,0.672987974098057,0.672987974098057,0.280739649811815,0,0,0,0,0,0,0,Samples,Not specified,,
SRB,OWID,2022-02-27,0.236,0.3351,15231,17947,2.217,2.612,0,0,0,2022-02-27,2130,3594.14285714286,8740109,8740109,9404,9404,15231,17947,2.217,2.612,0.236,0.3351,0,0,0,0,0,0,people tested,PCR,PCR,7-day cases / tests,2022-03-01,2886,3096.28571428571,8769892,8769892,15116,15116,14205.4285714286,17769.4285714286,1.62589316372079,2.03381350250985,0.21796496309258,0.297565642435644,0,0,0,0,0,0,Not specified,Not specified,,
SSD,OWID,2022-02-15,0.0094,0.0107,591,682,0.052,0.06,0,0,0,2022-02-15,3,5.57142857142857,330958,330958,,1057,591,682,0.052,0.06,0.0094,0.0107,0,0,0,0,0,0,tests performed,,,7-day cases / tests,2022-02-14,17,5.85714285714286,330958,330958,2114,704.666666666686,639.142857142857,706.285714285714,0.0570969141631997,0.0630950253962582,0.00916405900759946,0.0125404530744337,0,0,0,0,0,0,Not specified,Not specified,,
SUR,OWID,2022-02-27,0.193,0.374,251,153,0.424,0.259,0,0,0,2022-02-27,31,58.1428571428572,77864,77864,146,146,251,153,0.424,0.259,0.193,0.374,0,0,0,0,0,0,tests performed,,,,,,,,,,,,,,,,,,,,,,,,,,
SVK,OWID,2022-02-24,0.474,0.342,31050,60728,5.698,11.144,0,0,0,2022-02-24,19112,18324.4285714286,49280503,49280503,23849,23849,31050,60728,5.698,11.144,0.474,0.342,0,0,0,0,0,0,tests performed,PCR + antigen,PCR + antigen,Directly from source,2021-09-20,311,840.142857142857,41565161,41565161,16752,16752,25244,26622.1428571429,4.62344322344322,4.87585034013606,0.0332808927722571,0.020085321027072,0,0,0,0,0,0,Samples,PCR and rapid test,,
SVN,OWID,2022-02-27,0.125,0.051,14140,79263,6.802,38.131,0,0,0,2022-02-27,909,1987.71428571429,4385769,4385769,5424,5424,14140,79263,6.802,38.131,0.125,0.051,0,0,0,0,0,0,tests performed,PCR,PCR,Directly from source,2022-02-28,670,1792.42857142857,17735227,17735227,19344,19344,14324.5714285714,67270.1428571429,6.89012574726861,32.3569710712568,0.125129647359183,0.0608569711461888,0,0,0,0,0,0,Samples,PCR and rapid test,,
SWE,OWID,2022-02-20,0.3564,0.733,10233,21350,1.007,2.101,0,0,0,2022-02-20,0,3646.57142857143,17932299,17932299,10233,10233,10233,21350,1.007,2.101,0.3564,0.733,0,0,0,0,0,0,tests performed,PCR,PCR,7-day cases / tests,2021-03-24,7649,4844.85714285714,7200285,7200285,574186,41013.2857142855,41013.2857142857,41013.2857142857,4.06112344928069,4.06112344928069,0.118128968661723,0.10511576388139,0,0,0,0,0,0,Samples and People,PCR and serology,,
TCD,,,,,,,,,,,,2022-02-10,0,8.42857142857143,200916,200916,,294,269,328,0.016,0.019,0.0313,0.0357,0,0,0,0,0,0,tests performed,,,,2022-02-09,0,8.42857142857143,200916,200916,588,588,300.380952380951,452.547619047621,0.0182869202715787,0.0275506890933654,0.0280596068484466,0.0258852001894038,0,0,0,1,0,0,Not specified,Not specified,,
TGO,OWID,2022-02-27,0.0085,0.0123,1011,1018,0.119,0.12,0,0,0,2022-02-27,0,8.57142857142857,689743,689743,933,933,1011,1018,0.119,0.12,0.0085,0.0123,0,0,0,0,0,0,tests performed,PCR,PCR,7-day cases / tests,2022-02-28,0,7.28571428571429,689248,689248,1244,622,877.285714285714,1018,0.105965178679275,0.122961710351492,0.00830483634587201,0.0122088127982038,0,0,0,0,0,0,Not specified,Not specified,,
THA,OWID,2022-02-19,0.2911,0.2327,58398,59144,0.835,0.846,0,0,0,2022-02-19,18953,16998.2857142857,20470260,20470260,48690,48690,58398,59144,0.835,0.846,0.2911,0.2327,0,0,0,0,0,0,tests performed,,,7-day cases / tests,2021-03-21,90,125.142857142857,3145130,3145130,218333,15595.2142857141,15595.2142857143,15595.2142857143,0.223427138763815,0.223427138763815,0.00802443973196906,0.00510229786610361,0,0,0,0,0,0,People,Not specified,,
TLS,OWID,2022-02-24,0.1122,0.1905,568,735,0.423,0.547,,0,0,2022-02-24,99,63.7142857142857,247931,247931,,568.5,568,735,0.423,0.547,0.1122,0.1905,0,0,0,,0,0,tests performed,PCR + antigen,PCR + antigen,7-day cases / tests,,,,,,,,,,,,,,,,,,,,,,,
TTO,,,,,,,,,,,,2021-10-06,208,193.428571428571,357432,357432,954,954,825,1461,0.588,1.041,0.2345,0.1318,0,0,0,0,0,0,people tested,PCR + antigen,PCR + antigen,7-day cases / tests,2021-07-02,124,196.857142857143,233175,233175,19251,1203.1875,1203.1875,1203.1875,0.860033952823445,0.860033952823445,0.163613021958043,0.189021720578523,0,0,0,0,0,0,People,Not specified,,
TUN,OWID,2022-02-26,0.2644,0.1906,8701,10985,0.729,0.92,0,0,0,2022-02-26,1170,2300.14285714286,4341110,4341110,,5754.33333333302,8701,10985,0.729,0.92,0.2644,0.1906,0,0,0,0,0,0,people tested,PCR + antigen,PCR + antigen,7-day cases / tests,2022-02-28,476,1567.71428571429,4336633,4336633,6796,3398,8061.85714285714,10473.1428571429,0.682109919862691,0.886127663689217,0.19446068789538,0.27558926233086,0,0,0,0,0,0,Samples,Not specified,,
TUR,OWID,2022-02-27,0.1672,0.1866,444886,456515,5.231,5.368,0,0,0,2022-02-27,49792,74385.1428571429,143692044,143692044,394263,394263,444886,456515,5.231,5.368,0.1672,0.1866,0,0,0,0,0,0,tests performed,PCR,PCR,7-day cases / tests,2021-09-24,27197,27542,84201191,84201191,355226,355226,348255.714285714,328992.714285714,4.12923694003622,3.90083726728695,0.07908556520455,0.0784750335330917,0,0,0,0,0,0,Samples,Not specified,,
TWN,OWID,2022-02-26,0.0031,0.0024,19812,25326,0.831,1.062,0,0,0,2022-02-26,69,62.2857142857143,6299553,6299553,15985,15985,19812,25326,0.831,1.062,0.0031,0.0024,0,0,0,0,0,0,people tested,,,7-day cases / tests,2022-02-27,60,60.8571428571429,11589121,11589121,22589,22589,35150.2142857143,41449.6428571429,1.47584558448647,1.74033853370042,0.00173134486073038,0.00151647007125686,0,0,0,0,0,0,Samples and People,Not specified,,
UGA,OWID,2022-02-27,0.0092,0.0123,3367,3898,0.071,0.083,0,0,0,2022-02-27,19,31.1428571428571,2457240,2457240,4668,4668,3367,3898,0.071,0.083,0.0092,0.0123,0,0,0,0,0,0,tests performed,PCR,PCR,7-day cases / tests,2022-02-28,57,27.2857142857143,2457240,2457240,4668,2334,2873.28571428571,3786.14285714286,0.0628164166565164,0.0827735042334636,0.00949634564709392,0.0110930838018338,0,0,0,0,0,0,Not specified,Not specified,,
UKR,OWID,2022-02-18,0.6027,0.503,52561,73783,1.209,1.697,0,0,0,2022-02-18,36993,31678.7142857143,19288823,19288823,,56199.5,52561,73783,1.209,1.697,0.6027,0.503,0,0,0,0,0,0,tests performed,PCR,PCR,7-day cases / tests,2022-02-18,36993,31678.7142857143,19288823,19288823,52932,52932,52560.8571428572,73782.8571428572,1.20183054700821,1.68708229621935,0.602705435332105,0.503030127013631,0,0,0,0,0,0,Samples,Not specified,,
URY,OWID,2022-02-27,0.2961,0.3499,11968,15604,3.434,4.477,0,0,0,2022-02-27,2170,3543.85714285714,5694478,5694478,7890,7890,11968,15604,3.434,4.477,0.2961,0.3499,0,0,0,0,0,0,people tested,PCR + antigen,PCR + antigen,7-day cases / tests,2022-02-28,1951,3297.57142857143,5705619,5705619,6788,6788,11295,15331.1428571429,3.25129533678757,4.41310963072621,0.291949661670777,0.343120445777968,0,0,0,0,0,0,Samples,Not specified,,
USA,OWID,2022-02-22,0.053,0.077,1007782,1172279,3.027,3.521,0,0,0,2022-02-22,91197,84665.7142857143,814867640,814867640,777221,777221,1007782,1172279,3.027,3.521,0.053,0.077,0,0,0,0,0,0,tests performed,PCR + some serology tests,PCR + antigen,7-day cases / tests,2022-03-01,44177,61923.7142857143,860980547,860980547,2519908,2519908,1402472.14285714,-1132638.71428571,4.23703755814039,-3.42183821380989,0.0441532579460453,-0.0747508567540955,0,0,0,1,0,0,Samples,Not specified,,
VCT,,,,,,,,,,,,2022-02-23,4,,98032,98032,27,27,42,35,0.377,0.315,0.1803,0.4245,0,0,,0,0,,tests performed,,,7-day cases / tests,2021-07-06,2,2.14285714285714,56131,56131,294,147,150.269841269841,175.888888888888,1.35378235378236,1.58458458458458,0.0142600612654484,0.0146196191679452,0,0,0,0,0,0,Samples,Not specified,,
VNM,OWID,2022-02-27,0.8168,0.4095,93308,96505,0.95,0.983,0,0,0,2022-02-27,101828,76216,79078763,79078763,107232,107232,93308,96505,0.95,0.983,0.8168,0.4095,0,0,0,0,0,0,people tested,PCR,PCR,7-day cases / tests,2021-04-04,5,5.71428571428571,2809181,2809181,210428,7515.28571428591,7515.28571428572,7515.28571428572,0.0772073445821892,0.0772073445821892,0.00076035508582508,0.000361168665766913,0,0,0,0,0,0,Not specified,PCR,,
XKX,OWID,2022-02-25,0.0749,0.1345,2437,3207,1.367,1.8,0,0,0,2022-02-25,140,182.428571428571,1762284,1762284,3517,3517,2437,3207,1.367,1.8,0.0749,0.1345,0,0,0,0,0,0,tests performed,,,,,,,,,,,,,,,,,,,,,,,,,,
ZAF,OWID,2022-02-27,0.0771,0.0822,27273,29079,0.454,0.484,0,0,0,2022-02-27,1266,2101.42857142857,23071788,23071788,18766,18766,27273,29079,0.454,0.484,0.0771,0.0822,0,0,0,0,0,0,people tested,PCR + antigen,PCR + antigen,7-day cases / tests,2022-02-28,785,2049.14285714286,23053022,23053022,33021,16510.5,24591.8571428571,29079.4285714286,0.414639551212415,0.490303808383695,0.083326071928571,0.0824981823183792,0,0,0,0,0,0,Samples,Not specified,,
ZMB,OWID,2022-02-24,0.0806,0.0886,2915,3094,0.154,0.164,0,0,0,2022-02-24,230,234.857142857143,3259776,3259776,3082,3082,2915,3094,0.154,0.164,0.0806,0.0886,0,0,0,0,0,0,tests performed,,,7-day cases / tests,2022-02-28,43,212.285714285714,3268486,3268486,1661,830.5,2942.28571428571,2692,0.160046002735298,0.146431679721497,0.0721499320256361,0.0894183825090214,0,0,0,0,0,0,Not specified,Not specified,,
ZWE,OWID,2022-02-26,0.1434,0.0853,2570,3225,0.17,0.214,0,0,0,2022-02-26,336,368.428571428571,2063473,2063473,,1629.66666666674,2570,3225,0.17,0.214,0.1434,0.0853,0,0,0,0,0,0,tests performed,PCR + antigen,PCR + antigen,7-day cases / tests,2022-02-28,577,401.285714285714,2076414,2076414,12941,6470.5,3872,3006.85714285714,0.260512682500168,0.202304860583808,0.103637839433294,0.0935005701254276,0,0,0,0,0,0,Not specified,Not specified,,
BRA,OWID,2022-02-15,,,278718,69372,1.302,0.324,0,0,0,2022-02-15,125201,126281.571428571,69640999,69640999,,278718.428571433,278718,69372,1.302,0.324,,,0,0,0,0,0,0,tests performed,PCR + antigen + some serology tests,PCR + antigen + some serology tests,Not calculated,2022-02-17,120123,114938.428571429,69640999,69640999,1951029,243878.625,243878.625,94301.5178571429,1.14734556052672,0.443648670990844,0.471293573069098,1.55679360561724,0,0,0,0,0,0,Samples,PCR and rapid test,,
FJI,OWID,2022-02-27,,,187,171,0.207,0.189,0,0,0,2022-02-27,0,18.8571428571429,497039,497039,,160.333333333314,187,171,0.207,0.189,,,0,0,0,0,0,0,tests performed,PCR,PCR,7-day cases / tests,2021-10-10,16,42.4285714285714,421449,421449,1059,1059,1099.14285714286,1041.85714285714,1.22672193877551,1.16278698979592,0.038601507668313,0.0612916495269436,0,0,0,0,0,0,Samples,PCR,,
ISL,OWID,2022-02-21,,,4776,4912,12.95,13.319,0,0,0,2022-02-21,7408,2481,1137416,1137416,4711,4711,4776,4912,12.95,13.319,,,0,0,0,0,0,0,tests performed,PCR,Unclear,7-day cases / tests,2022-02-08,1310,1476.28571428571,1642564,1642564,4097,4097,5209.28571428572,5889.14285714286,15.2764976958525,17.2702136573104,0.283395036336213,0.22028430040753,0,0,0,0,0,0,Not specified,Not specified,,
LBN,,,,,,,,,,,,2021-06-23,167,133,4731376,4731376,,14687.777777778,14688,12118,2.17,1.79,,,0,0,0,0,0,0,tests performed,PCR,PCR + antigen,7-day cases / tests,2021-06-23,167,133,4731376,4731376,132190,14687.777777778,14687.7777777777,12117.6507936509,2.15205535205534,1.77547996976569,0.00905514789318409,0.0117184429901547,0,0,0,0,0,0,Not specified,Not specified,,
QAT,OWID,2022-02-27,,,20120,22113,6.866,7.546,0,0,0,2022-02-27,308,349.857142857143,5822526,5822526,21676,21676,20120,22113,6.866,7.546,,,0,0,0,0,0,0,tests performed,,,7-day cases / tests,2022-03-01,310,322.857142857143,3376329,3376329,1798,1798,2130.14285714286,2136.57142857143,0.739376208657708,0.741607576734269,0.151565958017571,0.206138004814121,0,0,0,0,0,0,People,Not specified,,
AFG,FIND,2022-02-28,0.182171702064014,0.197618653877956,955.142857142857,863.857142857143,0.0245361399800364,0.0221911514297458,0,0,0,,,,,,,,,,,,,,,,,,,,,,,,2022-02-28,264,174,891927,891927,964,964,955.142857142857,863.857142857143,0.0245361399800364,0.0221911514297458,0.182171702064014,0.197618653877956,0,0,0,0,0,0,People,Not specified,,
BEN,,,,,,,,,,,,,,,,,,,,,,,,,,,,,,,,,,,2021-05-18,30,4.28571428571429,640586,640586,9198,613.199999999953,613.200000000003,613.200000000003,0.0505815392229649,0.0505815392229649,0.00698909700866644,0.0258596589320658,0,0,0,0,0,0,Not specified,PCR and rapid test,,
BRB,FIND,2022-03-01,0.175433783691105,0.191430398635685,1041.5,1340.28571428571,3.62891986062718,4.66998506719761,0,0,0,,,,,,,,,,,,,,,,,,,,,,,,2022-03-01,220,182.714285714286,585575,586207.5,0,632.5,1041.5,1340.28571428571,3.62891986062718,4.66998506719761,0.175433783691105,0.191430398635685,0,0,0,0,0,0,Samples,Not specified,,
BRN,,,,,,,,,,,,,,,,,,,,,,,,,,,,,,,,,,,2021-12-09,57,27.1428571428571,653559,653559,4411,4411,3673,3778.42857142857,8.40503432494279,8.64628963713632,0.00738983314534635,0.0128549283526787,0,0,0,0,0,0,Samples,Not specified,,
CMR,FIND,2022-02-24,0.00805154371702849,0.0294553971420884,2359.79591836734,6940.27551020409,0.0888945949810645,0.261443362849548,0,0,0,,,,,,,,,,,,,,,,,,,,,,,,2022-02-24,133,19,2484220,2484220,9050,1508.33333333349,2359.79591836734,6940.27551020409,0.0888945949810645,0.261443362849548,0.00805154371702849,0.0294553971420884,0,0,0,0,0,0,Not specified,Not specified,,
COG,,,,,,,,,,,,,,,,,,,,,,,,,,,,,,,,,,,2022-01-19,0,118,333076,333076,16803,1050.1875,1050.1875,1050.1875,0.190320315331642,0.190320315331642,0.112360887936678,0.15521037909897,0,0,0,0,0,0,Not specified,Not specified,,
COM,,,,,,,,,,,,,,,,,,,,,,,,,,,,,,,,,,,2020-11-27,0,2.57142857142857,6227,6227,330,12.6923076923076,12.6923076923078,12.6923076923076,0.0145888594164457,0.0145888594164455,0.202597402597402,0.202597402597404,0,0,0,0,0,0,Not specified,Not specified,,
DMA,,,,,,,,,,,,,,,,,,,,,,,,,,,,,,,,,,,2021-12-28,0,18.4285714285714,124241,124241,1457,242.833333333329,307.071428571429,628.119047619047,4.26488095238095,8.72387566137565,0.0600139567341242,0.0393464993745499,0,0,0,0,0,0,People,Not specified,,
DZA,,,,,,,,,,,,,,,,,,,,,,,,,,,,,,,,,,,2020-11-01,330,304.142857142857,230553,230553,5038,1007.60000000001,1379.14285714286,2308,0.0314506592128539,0.0526327791840551,0.220530350113942,0.107761822233226,0,0,0,0,0,0,Not specified,Not specified,,
EGY,FIND,2022-02-25,0.921091508040278,0.699133609092956,2103.25,3013.32142857143,0.0205527977016436,0.0294459459082165,0,0,0,,,,,,,,,,,,,,,,,,,,,,,,2022-02-25,1811,1937.28571428571,5973002,5973002,4094,4094,2103.25,3013.32142857143,0.0205527977016436,0.0294459459082165,0.921091508040278,0.699133609092956,0,0,0,0,0,0,Samples,Not specified,,
ERI,,,,,,,,,,,,,,,,,,,,,,,,,,,,,,,,,,,2020-12-21,53,13.7142857142857,23693,23693,1046,104.599999999999,104.6,80.2571428571428,0.0294980259447265,0.0226331480138586,0.131111718109806,0.110359558561766,0,0,0,0,0,0,Not specified,Not specified,,
GIN,,,,,,,,,,,,,,,,,,,,,,,,,,,,,,,,,,,2022-02-11,15,11.5714285714286,620137,620137,934,934,521.321428571429,242.416666666661,0.0396955325189544,0.0184585903195508,0.0221963417140508,0.138486470559351,0,0,0,0,0,0,Not specified,Not specified,,
GNB,FIND,2022-02-28,0.0960163432073544,0.0476190476190476,139.857142857143,174,0.0710656213704994,0.0884146341463415,0,0,0,,,,,,,,,,,,,,,,,,,,,,,,2022-02-28,0,13.4285714285714,123254,123254,484,121,139.857142857143,174,0.0710656213704994,0.0884146341463415,0.0960163432073544,0.0476190476190476,0,0,0,0,0,0,Not specified,Not specified,,
GRD,,,,,,,,,,,,,,,,,,,,,,,,,,,,,,,,,,,2022-01-23,154,234.714285714286,120949,120949,1887,629,1026.82857142857,1413.31428571429,9.08697850821745,12.507206068268,0.228581763543782,0.20236121780617,0,0,0,0,0,0,Samples,PCR,,
HND,,,,,,,,,,,,,,,,,,,,,,,,,,,,,,,,,,,2021-09-23,0,936.714285714286,1037258,1037258,16719,2089.875,2089.875,2668.41071428571,0.210991923271075,0.269400374990986,0.448215460596584,0.325287256325662,0,0,0,0,0,0,Samples,Not specified,,
KGZ,,,,,,,,,,,,,,,,,,,,,,,,,,,,,,,,,,,2020-12-22,175,182.571428571429,567893,567893,2890,2890,2658,2962.28571428571,0.407418761496015,0.454059735482176,0.0686875201547888,0.118682484567901,0,0,0,0,0,0,Irrelevant,Irrelevant,,
LBR,,,,,,,,,,,,,,,,,,,,,,,,,,,,,,,,,,,2021-07-19,81,34.2857142857143,128246,128246,303,303,365.142857142857,611.857142857143,0.0721911540416879,0.120968197480653,0.0938967136150235,0.148494046229279,0,0,0,0,0,0,Not specified,Not specified,,
LCA,FIND,2022-03-01,0.0595779892428631,0.191901840490798,345.285714285714,291.071428571429,1.87655279503106,1.5819099378882,0,0,0,,,,,,,,,,,,,,,,,,,,,,,,2022-03-01,18,20.5714285714286,135918,135918,363,363,345.285714285714,291.071428571429,1.87655279503106,1.5819099378882,0.0595779892428631,0.191901840490798,0,0,0,0,0,0,Samples,Not specified,,
LSO,FIND,2022-02-26,0.0349567949725059,0.0113615539673813,727.428571428572,779.571428571429,0.339602507669735,0.363945578231292,0,0,0,,,,,,,,,,,,,,,,,,,,,,,,2022-02-26,0,25.4285714285714,399060,399060,2059,1029.5,727.428571428572,779.571428571429,0.339602507669735,0.363945578231292,0.0349567949725059,0.0113615539673813,0,0,0,0,0,0,Not specified,Not specified,,
MLI,FIND,2022-02-28,0.0065592203898051,0.0132100396301189,762.285714285714,865.142857142857,0.0376418801187948,0.0427209943777027,0,0,0,,,,,,,,,,,,,,,,,,,,,,,,2022-02-28,3,5,630252,630252,970,485,762.285714285714,865.142857142857,0.0376418801187948,0.0427209943777027,0.0065592203898051,0.0132100396301189,0,0,0,0,0,0,Not specified,Not specified,,
MUS,,,,,,,,,,,,,,,,,,,,,,,,,,,,,,,,,,,2020-11-26,0,1.14285714285714,301345,301345,11793,1965.5,1752.52380952381,787.372294372289,1.37777029050614,0.619003376078843,0.000652120751025731,0.00453588295772561,0,0,0,0,0,0,Not specified,Not specified,,
PNG,,,,,,,,,,,,,,,,,,,,,,,,,,,,,,,,,,,2021-11-28,123,83.8571428571429,249149,249149,2121,530.25,1205.35714285714,1885.21428571429,0.134721933928372,0.210709096424979,0.0695703703703704,0.112832948130186,0,0,0,0,0,0,Irrelevant,Irrelevant,,
SDN,,,,,,,,,,,,,,,,,,,,,,,,,,,,,,,,,,,2021-07-10,0,21,294629,294629,39754,1807,1807,1807,0.0412096056922621,0.0412096056922621,0.0116214720531267,0.00664084117321527,0,0,0,0,0,0,Not specified,Not specified,,
SLE,,,,,,,,,,,,,,,,,,,,,,,,,,,,,,,,,,,2022-02-18,0,1.85714285714286,318607,318607,-59064,-59064,-5780.10714285714,3100.54166666667,-0.724596608105446,0.388685178220718,-0.000321299036720773,0.000967572870331796,1,0,0,0,0,0,Not specified,Not specified,,
SMR,,,,,,,,,,,,,,,,,,,,,,,,,,,,,,,,,,,2022-01-17,291,160.428571428571,116193,116193,1667,555.666666666672,571.955665024631,584.172413793104,16.8222254419009,17.1815415821501,0.2804912709828,0.252127130292528,0,0,0,0,0,0,Samples,Not specified,,
SOM,,,,,,,,,,,,,,,,,,,,,,,,,,,,,,,,,,,2022-01-10,0,104.142857142857,400466,400466,9158,482,482,482,0.0303278172780469,0.0303278172780469,0.216064018968583,0,0,0,0,0,0,0,Not specified,Not specified,,
STP,FIND,2022-02-24,0.0331262939958592,0.0198757763975155,43.125,43.125,0.196917808219178,0.196917808219178,0,0,0,,,,,,,,,,,,,,,,,,,,,,,,2022-02-24,0,1.42857142857143,36709,36709,690,43.125,43.125,43.125,0.196917808219178,0.196917808219178,0.0331262939958592,0.0198757763975155,0,0,0,0,0,0,Not specified,Not specified,,
SWZ,FIND,2022-02-28,0.0358369098712446,0.0414725069897484,665.714285714286,613.142857142857,0.573891625615763,0.528571428571429,0,0,0,,,,,,,,,,,,,,,,,,,,,,,,2022-02-28,30,23.8571428571429,493626,493626,643,321.5,665.714285714286,613.142857142857,0.573891625615763,0.528571428571429,0.0358369098712446,0.0414725069897484,0,0,0,0,0,0,Not specified,Not specified,,
SYC,,,,,,,,,,,,,,,,,,,,,,,,,,,,,,,,,,,2020-12-21,0,2.42857142857143,21504,21504,5103,268.57894736842,268.578947368421,268.578947368421,2.7406015037594,2.7406015037594,0.00904230004759106,0.00159570000839842,0,0,0,0,0,0,Not specified,Not specified,,
TZA,,,,,,,,,,,,,,,,,,,,,,,,,,,,,,,,,,,2020-06-27,0,0,3880,3880,1200,48,48,48,0.000803562460240399,0.000803562460240399,0,0,0,0,0,0,0,0,Not specified,Not specified,,
VEN,,,,,,,,,,,,,,,,,,,,,,,,,,,,,,,,,,,2021-03-28,992,790.285714285714,3157788,3157788,82328,16465.6000000001,13735.7428571429,6911.09999999996,0.483040612503266,0.243040512027007,0.057534981726507,0.118732391163698,0,0,0,0,0,0,Samples,Not specified,,
BMU,FIND,2022-03-01,,,1816.71428571429,1443.85714285714,29.3018433179724,23.2880184331797,0,0,,,,,,,,,,,,,,,,,,,,,,,,,2022-03-01,,,800448,800448,5366,1341.5,1816.71428571429,1443.85714285714,29.3018433179724,23.2880184331797,,,0,0,,0,0,,Not specified,Not specified,,
ESH,,,,,,,,,,,,,,,,,,,,,,,,,,,,,,,,,,,2021-10-13,,,3943,3943,22,3.14285714285734,3.14285714285714,2.625,0.00526441732471883,0.00439698492462312,,,0,0,,0,0,,Not specified,Not specified,,
GRL,,,,,,,,,,,,,,,,,,,,,,,,,,,,,,,,,,,2021-08-25,,,56347,56347,601,601,627.285714285714,3031.85714285714,11.0050125313283,53.1904761904762,,,0,0,,0,1,,Samples,Not specified,,
NCL,,,,,,,,,,,,,,,,,,,,,,,,,,,,,,,,,,,2021-09-07,,,42756,42756,204,204,133.428571428571,91,0.468170426065163,0.319298245614035,,,0,0,,0,0,,Samples,Not specified,,
PYF,,,,,,,,,,,,,,,,,,,,,,,,,,,,,,,,,,,2020-07-29,,,5390,5390,492,16.9655172413795,16.9655172413793,16.9655172413794,0.0603755061970793,0.0603755061970797,,,0,0,,0,0,,Irrelevant,Irrelevant,,
