Country,Date,New Cases,Cumulative Cases,New Deaths,Cumulative Deaths,WHO Region,Population 2020,Population 2018.x,Country Code,country_code,data_source,iso2code,Rt,cases_cum,wkcase,inci,ou_src_match
Afghanistan,2021-06-07,1617,80841,42,3187,EMRO,37466414,37466414,AFG,AFG,JHU,AF,1.4739250677803404,80841,9003,3.432788782889276,AFG_JHU
Angola,2021-06-07,82,35854,3,800,AFRO,33642646,33642646,AGO,AGO,JHU,AO,0.9368927392953753,35854,1303,0.553294342968318,AGO_JHU
Albania,2021-06-07,5,132384,1,2452,EURO,3088385,3088385,ALB,ALB,JHU,AL,0.6704259909717251,132384,69,0.31916820141086216,ALB_JHU
Andorra,2021-06-07,19,13777,0,127,EURO,85645,85645,AND,AND,JHU,AD,1.0081583528703177,13777,50,8.340074893872547,AND_JHU
United Arab Emirates,2021-06-07,1968,585039,3,1702,EMRO,9856612,9856612,ARE,ARE,JHU,AE,1.111829506909224,585039,14203,20.585166586652697,ARE_JHU
Argentina,2021-06-07,22195,3977634,732,81946,AMRO,45864941,45864941,ARG,ARG,JHU,AR,1.0079530378117807,3977634,195850,61.00208747367936,ARG_JHU
Armenia,2021-06-07,32,223212,5,4463,EURO,3011609,3011609,ARM,ARM,JHU,AM,0.7237835159430909,223212,542,2.5710034545842912,ARM_JHU
Antigua and Barbuda,2021-06-07,0,1263,0,42,AMRO,99175,99175,ATG,ATG,JHU,AG,0.6081127348830716,1263,3,0.43213655515142785,ATG_JHU
Australia,2021-06-07,14,30205,0,910,WPRO,25809973,25809973,AUS,AUS,JHU,AU,1.1949055672649815,30205,87,0.04815414347225945,AUS_JHU
Austria,2021-06-07,279,647079,1,10640,EURO,8884864,8884864,AUT,AUT,JHU,AT,0.77410501852127,647079,2264,3.6402197200606716,AUT_JHU
Azerbaijan,2021-06-07,32,334747,4,4945,EURO,10282283,10282283,AZE,AZE,JHU,AZ,0.6669607695653796,334747,791,1.0989777270281316,AZE_JHU
Burundi,2021-06-07,20,4925,0,8,AFRO,12241065,12241065,BDI,BDI,JHU,BI,1.018800702440013,4925,135,0.15754931687491477,BDI_JHU
Belgium,2021-06-07,469,1071271,8,25041,EURO,11778842,11778842,BEL,BEL,JHU,BE,0.8563112813705628,1071271,9270,11.242919416744993,BEL_JHU
Benin,2021-06-07,0,8082,0,102,AFRO,13301694,13301694,BEN,BEN,JHU,BJ,0.8165862735483052,8082,24,0.025775449567336524,BEN_JHU
Burkina Faso,2021-06-07,0,13453,0,167,AFRO,21382659,21382659,BFA,BFA,JHU,BF,1.0009143156402422,13453,19,0.012693864286409444,BFA_JHU
Bangladesh,2021-06-07,1970,812960,30,12869,SEARO,164098818,164098818,BGD,BGD,JHU,BD,1.1181929585032753,812960,12420,1.0812300392594627,BGD_JHU
Bulgaria,2021-06-07,208,419681,34,17854,EURO,6919180,6919180,BGR,BGR,JHU,BG,0.7401523839128374,419681,1104,2.279378274799697,BGR_JHU
Bahrain,2021-06-07,1522,252600,24,1143,EMRO,1526929,1526929,BHR,BHR,JHU,BH,1.0126737819677818,252600,12069,112.91571888037079,BHR_JHU
Bahamas,2021-06-07,94,12024,0,232,AMRO,352655,352655,BHS,BHS,JHU,BS,0.8847703519420191,12024,228,9.236060334159042,BHS_JHU
Bosnia and Herzegovina,2021-06-07,106,204410,37,9411,EURO,3824782,3824782,BIH,BIH,JHU,BA,0.7279225440808149,204410,398,1.4865459745716973,BIH_JHU
Belarus,2021-06-07,570,400422,9,2919,EURO,9441842,9441842,BLR,BLR,JHU,BY,0.8941058617599826,400422,5983,9.052410384692793,BLR_JHU
Belize,2021-06-07,38,12899,0,325,AMRO,405633,405633,BLZ,BLZ,JHU,BZ,1.2163962101102028,12899,90,3.1696491304067607,BLZ_JHU
Bolivia (Plurinational State of),2021-06-07,0,387162,0,15024,AMRO,11758869,11758869,BOL,BOL,JHU,BO,1.0654218120915315,387162,15883,19.29607345740479,BOL_JHU
Brazil,2021-06-07,37156,16984218,1010,474414,AMRO,213445417,213445417,BRA,BRA,JHU,BR,0.9888847667103069,16984218,438664,29.359396231161856,BRA_JHU
Barbados,2021-06-07,1,4032,0,47,AMRO,301865,301865,BRB,BRB,JHU,BB,0.8873531052402485,4032,15,0.709872672504975,BRB_JHU
Brunei Darussalam,2021-06-07,0,244,0,3,WPRO,471103,471103,BRN,BRN,JHU,BN,1.1225489242596225,244,2,0.06064794444405697,BRN_JHU
Bhutan,2021-06-07,16,1703,0,1,SEARO,857423,857423,BTN,BTN,JHU,BT,1.0783896569927989,1703,83,1.3828813616083144,BTN_JHU
Botswana,2021-06-07,1878,58095,19,885,AFRO,2350667,2350667,BWA,BWA,JHU,BW,1.1031340792855595,58095,3122,18.973338205709272,BWA_JHU
Central African Republic,2021-06-07,10,7101,0,98,AFRO,5357984,5357984,CAF,CAF,JHU,CF,0.33699426510497366,7101,10,0.02666248030175955,CAF_JHU
Canada,2021-06-07,1819,1401912,47,25741,AMRO,37943231,37943231,CAN,CAN,JHU,CA,0.7463450683792656,1401912,12584,4.737905123879107,CAN_JHU
Switzerland,2021-06-07,1077,698369,9,10841,EURO,8453550,8453550,CHE,CHE,JHU,CH,0.8417060613639737,698369,3629,6.132672917633082,CHE_JHU
Chile,2021-06-07,6928,1434884,121,30058,AMRO,18307925,18307925,CHL,CHL,JHU,CL,1.0628967402740146,1434884,50538,39.43491294460888,CHL_JHU
China,2021-06-07,33,91300,0,4636,WPRO,1397897720,1397897720,CHN,CHN,JHU,CN,1.118608659934227,91300,178,0.001819058080198559,CHN_JHU
Côte d’Ivoire,2021-06-07,3,47493,0,306,AFRO,28088455,28088455,CIV,CIV,JHU,CI,0.9280203543221209,47493,201,0.10222807097893322,CIV_JHU
Cameroon,2021-06-07,0,78929,0,1275,AFRO,28524175,28524175,CMR,CMR,JHU,CM,0.496304099713861,78929,0,0,CMR_JHU
Democratic Republic of the Congo,2021-06-07,136,33338,1,805,AFRO,105044646,105044646,COD,COD,JHU,CD,1.5951531888571142,33338,1687,0.22942625747912943,COD_JHU
Congo,2021-06-07,106,12026,2,157,AFRO,5417414,5417414,COG,COG,JHU,CG,1.2098280312836351,12026,368,0.9704155630606885,COG_JHU
Colombia,2021-06-07,21949,3593016,535,92496,AMRO,50355650,50355650,COL,COL,JHU,CO,1.1567978045026628,3593016,186560,52.926391718563,COL_JHU
Comoros,2021-06-07,2,3890,0,146,AFRO,864335,864335,COM,COM,JHU,KM,1.0192634316690528,3890,9,0.14875184803511204,COM_JHU
Cabo Verde,2021-06-07,50,31147,0,267,AFRO,589451,589451,CPV,CPV,JHU,CV,0.8200090689016293,31147,708,17.158823573606142,CPV_JHU
Costa Rica,2021-06-07,3941,331920,75,4228,AMRO,5151140,5151140,CRI,CRI,JHU,CR,0.9420065346487502,331920,12934,35.87000713850304,CRI_JHU
Cuba,2021-06-07,1185,150103,13,1025,AMRO,11032343,11032343,CUB,CUB,JHU,CU,0.9721873103129658,150103,7837,10.148083943469022,CUB_JHU
Cyprus,2021-06-07,80,72859,1,364,EURO,1281506,1281506,CYP,CYP,JHU,CY,0.6425863593060765,72859,402,4.48133457264901,CYP_JHU
Czechia,2021-06-07,90,1663607,5,30164,EURO,10702596,10702596,CZE,CZE,JHU,CZ,0.7125450469567012,1663607,2335,3.116733814594409,CZE_JHU
Germany,2021-06-07,1444,3710342,141,89390,EURO,79903481,79903481,DEU,DEU,JHU,DE,0.7061307257342868,3710342,20421,3.6510120432496733,DEU_JHU
Djibouti,2021-06-07,3,11565,0,154,EMRO,938413,938413,DJI,DJI,JHU,DJ,0.656741993112617,11565,32,0.4871446336984431,DJI_JHU
Dominica,2021-06-07,0,188,0,0,AMRO,74584,74584,DMA,DMA,JHU,DM,0.6892575188350124,188,0,0,DMA_JHU
Denmark,2021-06-07,460,287735,2,2521,EURO,5894687,5894687,DNK,DNK,JHU,DK,0.9634001293652935,287735,5750,13.935066805558487,DNK_JHU
Dominican Republic,2021-06-07,906,301984,1,3655,AMRO,10597348,10597348,DOM,DOM,JHU,DO,1.1317460908108947,301984,9198,12.399328586736985,DOM_JHU
Algeria,2021-06-07,325,131283,9,3527,AFRO,43576691,43576691,DZA,DZA,JHU,DZ,1.1436245541614467,131283,2370,0.7769553419543227,DZA_JHU
Ecuador,2021-06-07,386,432739,5,20814,AMRO,17093159,17093159,ECU,ECU,JHU,EC,0.9059938970612065,432739,6702,5.60123831661878,ECU_JHU
Egypt,2021-06-07,782,268754,47,15399,EMRO,106437241,106437241,EGY,EGY,JHU,EG,0.9395259994449217,268754,6104,0.8192621227376611,EGY_JHU
Eritrea,2021-06-07,72,4499,0,14,AFRO,6147398,6147398,ERI,ERI,JHU,ER,1.5918126297339044,4499,405,0.9411647473799949,ERI_JHU
Spain,2021-06-07,9542,3707523,40,80236,EURO,47260584,47260584,ESP,ESP,JHU,ES,0.9599821160235411,3707523,29133,8.806190678594119,ESP_JHU
Estonia,2021-06-07,37,130156,1,1264,EURO,1220042,1220042,EST,EST,JHU,EE,0.7219729648907133,130156,612,7.166029647222919,EST_JHU
Ethiopia,2021-06-07,110,273024,4,4213,AFRO,110871031,110871031,ETH,ETH,JHU,ET,0.7976184231370619,273024,1483,0.19108430844946578,ETH_JHU
Finland,2021-06-07,55,93281,0,959,EURO,5587442,5587442,FIN,FIN,JHU,FI,0.8254842495385699,93281,793,2.0275058655770257,FIN_JHU
Fiji,2021-06-07,64,751,0,4,WPRO,939535,939535,FJI,FJI,JHU,FJ,1.5720209156255611,751,313,4.7591931875114515,FJI_JHU
France,2021-06-07,1174,5775535,64,110224,EURO,68084217,68084217,FRA,FRA,JHU,FR,0.8385876760098004,5775535,46747,9.808650449990278,FRA_JHU
Gabon,2021-06-07,0,24591,0,154,AFRO,2284912,2284912,GAB,GAB,JHU,GA,0.8746547320050285,24591,162,1.012855512284812,GAB_JHU
The United Kingdom,2021-06-07,5597,4538399,1,128104,EURO,66052076,66052076,GBR,GBR,JHU,GB,1.269533061233036,4538399,35168,7.606119753147501,GBR_JHU
Georgia,2021-06-07,307,349405,24,4934,EURO,4933674,4933674,GEO,GEO,JHU,GE,0.8944830230450515,349405,5442,15.757599132584996,GEO_JHU
Ghana,2021-06-07,0,94228,0,787,AFRO,32372889,32372889,GHA,GHA,JHU,GH,1.0011221102074868,94228,330,0.14562449814984738,GHA_JHU
Guinea,2021-06-07,52,23307,0,162,AFRO,12877894,12877894,GIN,GIN,JHU,GN,0.8093393243343515,23307,130,0.1442116899815185,GIN_JHU
Gambia,2021-06-07,3,6002,0,179,AFRO,2221301,2221301,GMB,GMB,JHU,GM,0.7610852836633399,6002,9,0.0578811374826863,GMB_JHU
Guinea-Bissau,2021-06-07,0,3787,0,68,AFRO,1976187,1976187,GNB,GNB,JHU,GW,1.5571784190888895,3787,21,0.15180749595053505,GNB_JHU
Equatorial Guinea,2021-06-07,0,8626,0,118,AFRO,857008,857008,GNQ,GNQ,JHU,GQ,0.5607605601811615,8626,97,1.6169210622471266,GNQ_JHU
Greece,2021-06-07,798,410166,24,12301,EURO,10569703,10569703,GRC,GRC,JHU,GR,0.8693065796721525,410166,7860,10.623355669096311,GRC_JHU
Grenada,2021-06-07,0,161,0,1,AMRO,113570,113570,GRD,GRD,JHU,GD,2.845901019338675,161,0,0,GRD_JHU
Guatemala,2021-06-07,297,262255,11,8305,AMRO,17422821,17422821,GTM,GTM,JHU,GT,1.0622244524813824,262255,7838,6.426710609689933,GTM_JHU
Guyana,2021-06-07,53,17718,2,411,AMRO,787971,787971,GUY,GUY,JHU,GY,0.969669965734347,17718,766,13.887385630761973,GUY_JHU
Hong Kong,2021-06-07,7,11865,0,210,WPRO,7263234,7263234,HKG,HKG,JHU,HK,1.1829958229083801,11865,24,0.04720447432330321,HKG_JHU
Honduras,2021-06-07,551,242377,14,6493,AMRO,9346277,9346277,HND,HND,JHU,HN,0.8899879083428055,242377,4150,6.343243869801235,HND_JHU
Croatia,2021-06-07,43,357608,5,8091,EURO,4208973,4208973,HRV,HRV,JHU,HR,0.6694288526281907,357608,1427,4.843393931420867,HRV_JHU
Haiti,2021-06-07,153,15435,2,325,AMRO,11198240,11198240,HTI,HTI,JHU,HT,1.4119327502036405,15435,1084,1.3828703694253994,HTI_JHU
Hungary,2021-06-07,81,806089,12,29866,EURO,9728337,9728337,HUN,HUN,JHU,HU,0.6778768345467848,806089,1551,2.2775879224931104,HUN_JHU
Indonesia,2021-06-07,6993,1863031,191,51803,SEARO,275122131,275122131,IDN,IDN,JHU,ID,1.0787443920760114,1863031,41328,2.1459560445175527,IDN_JHU
India,2021-06-07,86498,28996473,2123,351309,SEARO,1339330514,1339330514,IND,IND,JHU,IN,0.7783355563871855,28996473,821429,8.761616253297728,IND_JHU
Ireland,2021-06-07,377,264875,0,4941,EURO,5224884,5224884,IRL,IRL,JHU,IE,0.9804556336850018,264875,2832,7.743165753946472,IRL_JHU
Iran (Islamic Republic of),2021-06-07,4907,2971270,120,81183,EMRO,85888910,85888910,IRN,IRN,JHU,IR,0.9031760914471655,2971270,58134,9.669300894442767,IRN_JHU
Iraq,2021-06-07,4129,1229121,28,16566,EMRO,39650145,39650145,IRQ,IRQ,JHU,IQ,1.0052462101065405,1229121,27769,10.005007547891692,IRQ_JHU
Iceland,2021-06-07,0,6555,0,29,EURO,354234,354234,ISL,ISL,JHU,IS,0.1516573347271374,6555,0,0,ISL_JHU
Israel,2021-06-07,14,839585,0,6418,EURO,8787045,8787045,ISR,ISR,JHU,IL,0.8011746086532213,839585,110,0.1788347017033111,ISR_JHU
Italy,2021-06-07,1270,4233698,65,126588,EURO,62390364,62390364,ITA,ITA,JHU,IT,0.7571538403142832,4233698,15877,3.6354057128803694,ITA_JHU
Jamaica,2021-06-07,0,48810,0,960,AMRO,2816602,2816602,JAM,JAM,JHU,JM,0.8362265570505325,48810,253,1.283207820730694,JAM_JHU
Jordan,2021-06-07,0,739847,0,9530,EMRO,10909567,10909567,JOR,JOR,JHU,JO,1.03995594122153,739847,3313,4.338263051922357,JOR_JHU
Japan,2021-06-07,1205,764185,75,13606,WPRO,124687293,124687293,JPN,JPN,JHU,JP,0.7996916257883857,764185,16997,1.947385975524272,JPN_JHU
Kazakhstan,2021-06-07,773,451641,6,3479,EURO,19245793,19245793,KAZ,KAZ,JHU,KZ,0.8487273180104962,451641,8706,6.462265731083596,KAZ_JHU
Kenya,2021-06-07,148,172639,21,3308,AFRO,54685051,54685051,KEN,KEN,JHU,KE,0.9114291380537922,172639,1904,0.49739370271411104,KEN_JHU
Kyrgyzstan,2021-06-07,362,107335,5,1852,EURO,6018789,6018789,KGZ,KGZ,JHU,KG,1.054905280591639,107335,2606,6.1853923486221944,KGZ_JHU
Cambodia,2021-06-07,589,34833,3,266,WPRO,17304363,17304363,KHM,KHM,JHU,KH,1.151632200459817,34833,4739,3.912308127146894,KHM_JHU
Kiribati,2021-06-07,0,2,0,0,WPRO,113001,113001,KIR,KIR,JHU,KI,,2,0,0,KIR_JHU
Saint Kitts and Nevis,2021-06-07,0,83,0,0,AMRO,54149,54149,KNA,KNA,JHU,KN,1.3353548303679361,83,15,3.957334655962516,KNA_JHU
Republic of Korea,2021-06-07,454,145091,1,1975,WPRO,51715162,51715162,KOR,KOR,JHU,KR,0.9880237058043954,145091,4292,1.1856152691600523,KOR_JHU
Kuwait,2021-06-07,1479,318676,3,1798,EMRO,3032065,3032065,KWT,KWT,JHU,KW,1.0754903730868648,318676,9454,44.54295764013729,KWT_JHU
Lao People's Democratic Republic,2021-06-07,5,1968,0,3,WPRO,7574356,7574356,LAO,LAO,JHU,LA,0.5844895865264512,1968,56,0.1056195404599414,LAO_JHU
Lebanon,2021-06-07,71,541628,6,7769,EMRO,5261372,5261372,LBN,LBN,JHU,LB,0.7645050072030078,541628,1240,3.366856727539074,LBN_JHU
Liberia,2021-06-07,40,2290,2,88,AFRO,5214030,5214030,LBR,LBR,JHU,LR,1.4014622194143262,2290,99,0.27124617892219915,LBR_JHU
Libya,2021-06-07,404,187685,3,3146,EMRO,7017224,7017224,LBY,LBY,JHU,LY,1.061377369870334,187685,1909,3.8863557115219027,LBY_JHU
Saint Lucia,2021-06-07,5,5138,0,80,AMRO,166637,166637,LCA,LCA,JHU,LC,0.8228963609234643,5138,71,6.086797735711242,LCA_JHU
Liechtenstein,2021-06-07,0,3022,0,58,EURO,39425,39425,LIE,LIE,JHU,LI,0.9259801953722298,3022,10,3.6235166228825073,LIE_JHU
Sri Lanka,2021-06-07,2646,207979,93,1789,SEARO,23044123,23044123,LKA,LKA,JHU,LK,1.0272293357084572,207979,21615,13.39975985572175,LKA_JHU
Lesotho,2021-06-07,0,10837,0,326,AFRO,2177740,2177740,LSO,LSO,JHU,LS,0.6785036964498738,10837,6,0.03935928334616884,LSO_JHU
Lithuania,2021-06-07,90,276543,2,4309,EURO,2711566,2711566,LTU,LTU,JHU,LT,0.7275897897820361,276543,2160,11.379823635914764,LTU_JHU
Luxembourg,2021-06-07,74,70256,0,818,EURO,639589,639589,LUX,LUX,JHU,LU,0.7701238805202273,70256,324,7.236790233370849,LUX_JHU
Latvia,2021-06-07,76,134888,0,2413,EURO,1862687,1862687,LVA,LVA,JHU,LV,0.7993107855724767,134888,1689,12.953637099830207,LVA_JHU
Macau,2021-06-07,0,51,0,0,WPRO,630396,630396,MAC,MAC,JHU,MO,1.2669801624019459,51,0,0,MAC_JHU
Morocco,2021-06-07,104,521530,3,9181,EMRO,36561813,36561813,MAR,MAR,JHU,MA,1.085799178241924,521530,2314,0.9041439727604005,MAR_JHU
Monaco,2021-06-07,0,2508,0,33,EURO,31223,31223,MCO,MCO,JHU,MC,0.7568692077298895,2508,4,1.8301526804873698,MCO_JHU
Republic of Moldova,2021-06-07,48,255501,3,6137,EURO,3323875,3323875,MDA,MDA,JHU,MD,0.6871074990702059,255501,315,1.3538415253281186,MDA_JHU
Madagascar,2021-06-07,52,41742,5,866,AFRO,27534354,27534354,MDG,MDG,JHU,MG,0.73001778964897035,41742,400,0.20753295008430975,MDG_JHU
Maldives,2021-06-07,552,68502,2,187,SEARO,390669,390669,MDV,MDV,JHU,MV,0.8241297521312398,68502,4106,150.14537333943278,MDV_JHU
Mexico,2021-06-07,881,2434562,34,228838,AMRO,130207371,130207371,MEX,MEX,JHU,MX,1.1002153470424698,2434562,20820,2.28426831095892,MEX_JHU
Marshall Islands,2021-06-07,0,4,0,0,WPRO,78831,78831,MHL,MHL,JHU,MH,,4,0,0,MHL_JHU
North Macedonia,2021-06-07,1,155418,3,5458,EURO,2128262,2128262,MKD,MKD,JHU,MK,0.6256307390199115,155418,146,0.9800082347541259,MKD_JHU
Mali,2021-06-07,4,14302,0,519,AFRO,20137527,20137527,MLI,MLI,JHU,ML,0.6495864712640821,14302,35,0.024829265281680318,MLI_JHU
Malta,2021-06-07,0,30571,0,419,EURO,460891,460891,MLT,MLT,JHU,MT,1.080115665451593,30571,36,1.1158510673580397,MLT_JHU
Myanmar,2021-06-07,139,144456,2,3227,SEARO,57069099,57069099,MMR,MMR,JHU,MM,1.5764677425827736,144456,827,0.20701721108801302,MMR_JHU
Montenegro,2021-06-07,22,99834,2,1594,EURO,607414,607414,MNE,MNE,JHU,ME,0.8017175052605231,99834,211,4.962489692838351,MNE_JHU
Mongolia,2021-06-07,1267,67710,5,318,WPRO,3198913,3198913,MNG,MNG,JHU,MN,1.2408558154077083,67710,9271,41.40245675417154,MNG_JHU
Mozambique,2021-06-07,31,71145,1,838,AFRO,30888034,30888034,MOZ,MOZ,JHU,MZ,1.2074763623019744,71145,350,0.16187498369109538,MOZ_JHU
Mauritania,2021-06-07,36,19853,2,470,AFRO,4079284,4079284,MRT,MRT,JHU,MR,1.0697976891202774,19853,306,1.0716166296410279,MRT_JHU
Mauritius,2021-06-07,0,1458,0,18,AFRO,1386129,1386129,MUS,MUS,JHU,MU,1.429279016767936,1458,83,0.8554140961730732,MUS_JHU
Malawi,2021-06-07,13,34403,0,1157,AFRO,20308502,20308502,MWI,MWI,JHU,MW,0.9729858691225227,34403,65,0.04572328518230584,MWI_JHU
Malaysia,2021-06-07,5271,622086,82,3460,WPRO,33519406,33519406,MYS,MYS,JHU,MY,1.1141790831961298,622086,49729,21.19411918320646,MYS_JHU
Namibia,2021-06-07,385,59092,8,920,AFRO,2678191,2678191,NAM,NAM,JHU,NA,1.2705415959283164,59092,3543,18.89868411710954,NAM_JHU
Niger,2021-06-07,0,5439,0,192,AFRO,23605767,23605767,NER,NER,JHU,NE,0.8897070754026927,5439,29,0.017550190776928126,NER_JHU
Nigeria,2021-06-07,49,166816,0,2117,AFRO,219463862,219463862,NGA,NGA,JHU,NG,1.1213586229909067,166816,298,0.019397921909999272,NGA_JHU
Nicaragua,2021-06-07,0,7481,0,187,AMRO,6243931,6243931,NIC,NIC,JHU,NI,1.1361536652451532,7481,157,0.35920594619914004,NIC_JHU
Netherlands,2021-06-07,1385,1691866,3,17957,EURO,17337403,17337403,NLD,NLD,JHU,NL,0.7993078324729822,1691866,15122,12.460261287608729,NLD_JHU
Norway,2021-06-07,249,127066,0,784,EURO,5509591,5509591,NOR,NOR,JHU,NO,0.9140917881351,127066,1950,5.0561181142380365,NOR_JHU
Nepal,2021-06-07,3370,591494,92,7990,SEARO,30424878,30424878,NPL,NPL,JHU,NP,0.8371719499679796,591494,30192,14.176368618940252,NPL_JHU
New Zealand,2021-06-07,10,2692,0,26,WPRO,4991442,4991442,NZL,NZL,JHU,NZ,0.8884439920167233,2692,19,0.054378789021002634,NZL_JHU
Oman,2021-06-07,1216,225095,11,2424,EMRO,3694755,3694755,OMN,OMN,JHU,OM,1.118653924974816,225095,7871,30.43310236885995,OMN_JHU
Pakistan,2021-06-07,1383,935013,53,21376,EMRO,238181034,238181034,PAK,PAK,JHU,PK,0.8560650551636398,935013,12189,0.7310765618246977,PAK_JHU
Panama,2021-06-07,376,382851,2,6404,AMRO,3928646,3928646,PAN,PAN,JHU,PA,1.108712026294191,382851,4754,17.286944589633606,PAN_JHU
Peru,2021-06-07,3179,1983570,438,186511,AMRO,32201224,32201224,PER,PER,JHU,PE,0.9160390924338979,1983570,28101,12.466695587188152,PER_JHU
Philippines,2021-06-07,6526,1276004,71,21969,WPRO,110818325,110818325,PHL,PHL,JHU,PH,1.0512935972576636,1276004,45703,5.89162487341331,PHL_JHU
Papua New Guinea,2021-06-07,47,16374,0,164,WPRO,7399757,7399757,PNG,PNG,JHU,PG,0.6915715577171929,16374,464,0.8957823113071725,PNG_JHU
Poland,2021-06-07,192,2875328,8,74160,EURO,38185913,38185913,POL,POL,JHU,PL,0.5958804674162214,2875328,3045,1.1391635444201635,POL_JHU
Portugal,2021-06-07,388,853034,2,17036,EURO,10263850,10263850,PRT,PRT,JHU,PT,1.1016553603251924,853034,3941,5.485271121460271,PRT_JHU
Paraguay,2021-06-07,2831,375996,131,10005,AMRO,7272639,7272639,PRY,PRY,JHU,PY,1.0407335684326176,375996,20612,40.48834857018792,PRY_JHU
"occupied Palestinian territory, including east Jerusalem",2021-06-07,0,310026,0,3517,EMRO,4906308,4906308,PSE,PSE,JHU,PS,1.05333114348942,310026,1676,4.880015103588512,PSE_JHU
Qatar,2021-06-07,171,218798,0,569,EMRO,2479995,2479995,QAT,QAT,JHU,QA,0.8548680420150457,218798,1340,7.718909571534274,QAT_JHU
Romania,2021-06-07,89,1078952,63,30878,EURO,21230362,21230362,ROU,ROU,JHU,RO,0.6430678666015315,1078952,1215,0.817562265643085,ROU_JHU
Russian Federation,2021-06-07,9297,5076543,326,122037,EURO,142320790,142320790,RUS,RUS,JHU,RU,1.0152409751637725,5076543,63031,6.326853983475338,RUS_JHU
Rwanda,2021-06-07,62,27307,0,360,AFRO,12943132,12943132,RWA,RWA,JHU,RW,0.7818814780945957,27307,344,0.37968288620449164,RWA_JHU
Saudi Arabia,2021-06-07,1161,458707,15,7471,EMRO,34783757,34783757,SAU,SAU,JHU,SA,1.0385925867347616,458707,8271,3.3969057125468898,SAU_JHU
Sudan,2021-06-07,348,36004,0,2697,EMRO,46751152,46751152,SDN,SDN,JHU,SD,1.5204548812690974,36004,509,0.1555347464256832,SDN_JHU
Senegal,2021-06-07,33,41713,2,1148,AFRO,16082442,16082442,SEN,SEN,JHU,SN,1.0985976070476065,41713,297,0.26381920997179054,SEN_JHU
Singapore,2021-06-07,14,62210,0,33,WPRO,5866139,5866139,SGP,SGP,JHU,SG,0.899162551832833,62210,159,0.3872101515883909,SGP_JHU
Solomon Islands,2021-06-07,0,20,0,0,WPRO,690598,690598,SLB,SLB,JHU,SB,4.990548955822728,20,0,0,SLB_JHU
Sierra Leone,2021-06-07,7,4208,0,79,AFRO,6807277,6807277,SLE,SLE,JHU,SL,1.400841174320435,4208,61,0.1280142664135118,SLE_JHU
El Salvador,2021-06-07,0,74141,4,2274,AMRO,6528135,6528135,SLV,SLV,JHU,SV,1.0116002094209016,74141,439,0.960676911771673,SLV_JHU
San Marino,2021-06-07,0,5090,0,90,EURO,34467,34467,SMR,SMR,JHU,SM,0.6241923023119921,5090,0,0,SMR_JHU
Somalia,2021-06-07,20,14768,0,773,EMRO,12094640,12094640,SOM,SOM,JHU,SO,0.7011375579212725,14768,106,0.12520304153622716,SOM_JHU
Serbia,2021-06-07,162,713840,7,6924,EURO,6974289,6974289,SRB,SRB,JHU,RS,0.6721157041591014,713840,1368,2.80212895434318,SRB_JHU
South Sudan,2021-06-07,0,10688,0,115,AFRO,10984074,10984074,SSD,SSD,JHU,SS,1.0216986675663442,10688,0,0,SSD_JHU
Sao Tome and Principe,2021-06-07,0,2353,0,37,AFRO,213948,213948,STP,STP,JHU,ST,0.9500417043243227,2353,8,0.534175193438192,STP_JHU
Suriname,2021-06-07,245,16786,5,355,AMRO,614749,614749,SUR,SUR,JHU,SR,1.1774724087114457,16786,1832,42.57254354448494,SUR_JHU
Slovakia,2021-06-07,15,390451,10,12414,EURO,5436066,5436066,SVK,SVK,JHU,SK,0.7717329066952889,390451,730,1.918404123233866,SVK_JHU
Slovenia,2021-06-07,57,255432,2,4390,EURO,2102106,2102106,SVN,SVN,JHU,SI,0.850594051632134,255432,1710,11.620998859511095,SVN_JHU
Sweden,2021-06-07,0,1078062,0,14523,EURO,10261767,10261767,SWE,SWE,JHU,SE,0.6528601762974996,1078062,9589,13.349135123192164,SWE_JHU
Eswatini,2021-06-07,11,18664,0,673,AFRO,1113276,1113276,SWZ,SWZ,JHU,SZ,1.163476138294544,18664,69,0.8854177092780997,SWZ_JHU
Seychelles,2021-06-07,308,12466,4,46,AFRO,96387,96387,SYC,SYC,JHU,SC,0.9613686870854925,12466,845,125.23917718601648,SYC_JHU
Syrian Arab Republic,2021-06-07,21,24680,3,1796,EMRO,20384316,20384316,SYR,SYR,JHU,SY,0.8592419527051429,24680,185,0.12965149985200106,SYR_JHU
Chad,2021-06-07,1,4940,0,174,AFRO,17414108,17414108,TCD,TCD,JHU,TD,0.6841001056903178,4940,9,0.007383176248328572,TCD_JHU
Togo,2021-06-07,3,13542,0,125,AFRO,8283189,8283189,TGO,TGO,JHU,TG,0.9298440895681609,13542,76,0.13107443108134872,TGO_JHU
Thailand,2021-06-07,2419,179886,33,1269,SEARO,69480520,69480520,THA,THA,JHU,TH,0.9883745150878805,179886,20094,4.131476604624474,THA_JHU
Tajikistan,2021-06-07,0,13308,0,90,EURO,8990874,8990874,TJK,TJK,JHU,TJ,4.999999997739966,13308,0,0,TJK_JHU
Timor-Leste,2021-06-07,24,7764,0,17,SEARO,1413958,1413958,TLS,TLS,JHU,TL,0.9342786039115787,7764,770,7.7795804401545166,TLS_JHU
Trinidad and Tobago,2021-06-07,389,26799,12,589,AMRO,1221047,1221047,TTO,TTO,JHU,TT,0.9773927376480565,26799,2890,33.811732296721,TTO_JHU
Tunisia,2021-06-07,1018,356750,47,13027,EMRO,11811335,11811335,TUN,TUN,JHU,TN,1.1030312133036015,356750,11276,13.638230926962471,TUN_JHU
Turkey,2021-06-07,5647,5293627,91,48255,EURO,82482383,82482383,TUR,TUR,JHU,TR,0.8293208711514112,5293627,44223,7.659297899493796,TUR_JHU
Taiwan,2021-06-07,193,11491,26,286,Other,23572052,23572052,TWN,TWN,JHU,TW,1.1631478868605314,11491,2980,1.8060128397573776,TWN_JHU
United Republic of Tanzania,2021-06-07,0,509,0,21,AFRO,62092761,62092761,TZA,TZA,JHU,TZ,5,509,0,0,TZA_JHU
Uganda,2021-06-07,1026,53961,0,383,AFRO,44712143,44712143,UGA,UGA,JHU,UG,1.742046058872138,53961,6814,2.177101132076294,UGA_JHU
Ukraine,2021-06-07,667,2274375,37,53295,EURO,43745640,43745640,UKR,UKR,JHU,UA,0.7676221061909179,2274375,13476,4.400765098288326,UKR_JHU
Uruguay,2021-06-07,2248,318783,52,4692,AMRO,3398239,3398239,URY,URY,JHU,UY,1.033966104308135,318783,24280,102.0696728091058,URY_JHU
United States of America,2021-06-07,15496,33378096,324,597952,AMRO,334998398,334998398,USA,USA,JHU,US,0.8082980368887611,33378096,110589,4.715971379489573,USA_JHU
Uzbekistan,2021-06-07,242,101964,0,696,EURO,30842796,30842796,UZB,UZB,JHU,UZ,0.9448279655778586,101964,1629,0.7545174753750786,UZB_JHU
Holy See,2021-06-07,0,27,0,0,EURO,1000,1000,VAT,VAT,JHU,VA,5,27,0,0,VAT_JHU
Saint Vincent and the Grenadines,2021-06-07,0,2076,0,12,AMRO,101145,101145,VCT,VCT,JHU,VC,1.1108038871494985,2076,41,5.790837764736623,VCT_JHU
Venezuela (Bolivarian Republic of),2021-06-07,1483,243621,15,2734,AMRO,29069153,29069153,VEN,VEN,JHU,VE,1.0476340062912581,243621,9456,4.64704679512727,VEN_JHU
Viet Nam,2021-06-07,236,9027,0,53,WPRO,102789598,102789598,VNM,VNM,JHU,VN,1.182179251159412,9027,1595,0.22167334758634122,VNM_JHU
Vanuatu,2021-06-07,0,4,0,1,WPRO,303009,303009,VUT,VUT,JHU,VU,,4,0,0,VUT_JHU
Samoa,2021-06-07,0,3,0,0,WPRO,204898,204898,WSM,WSM,JHU,WS,,3,0,0,WSM_JHU
Kosovo,2021-06-07,41,107099,1,2250,EURO,1935259,1935259,XKX,XKX,JHU,XK,0.557491200771297,107099,97,0.716035572351962,XKX_JHU
Yemen,2021-06-07,25,6812,7,1336,EMRO,30399243,30399243,YEM,YEM,JHU,YE,0.8511048615077043,6812,70,0.032895555984732906,YEM_JHU
South Africa,2021-06-07,3285,1699849,89,57063,AFRO,56978635,56978635,ZAF,ZAF,JHU,ZA,1.1748535793085662,1699849,34232,8.58266561542886,ZAF_JHU
Zambia,2021-06-07,487,100765,7,1315,AFRO,19077816,19077816,ZMB,ZMB,JHU,ZM,1.785541096324554,100765,5502,4.119968449218716,ZMB_JHU
Zimbabwe,2021-06-07,49,39238,5,1611,AFRO,14829988,14829988,ZWE,ZWE,JHU,ZW,1.2108668047315116,39238,277,0.26683385429191564,ZWE_JHU
Other,2021-06-07,0,721,0,15,Other,0,0,OTH,OTH,JHU,OT,5,721,0,,OTH_JHU
Aruba,2021-06-07,0,11018,0,107,AMRO,120917,120917,ABW,ABW,WHO,AW,0.9236943153235456,11018,61,7.206832549836428,ABW_WHO
Afghanistan,2021-06-07,1617,80841,42,3187,EMRO,37466414,37466414,AFG,AFG,WHO,AF,1.4739250677803546,80841,9003,3.432788782889276,AFG_WHO
Angola,2021-06-07,178,35772,3,797,AFRO,33642646,33642646,AGO,AGO,WHO,AO,0.9481080487676784,35772,1406,0.5970313478230662,AGO_WHO
Anguilla,2021-06-07,0,109,0,0,AMRO,18403,18403,AIA,AIA,WHO,AI,0.4541278570559523,109,0,0,AIA_WHO
Albania,2021-06-07,5,132379,0,2451,EURO,3088385,3088385,ALB,ALB,WHO,AL,0.6737148349974343,132379,70,0.323793827518266,ALB_WHO
Andorra,2021-06-07,19,13777,0,127,EURO,85645,85645,AND,AND,WHO,AD,0.8629956288758422,13777,84,14.011325821705878,AND_WHO
United Arab Emirates,2021-06-07,1874,583071,3,1699,EMRO,9856612,9856612,ARE,ARE,WHO,AE,1.1107332404158847,583071,13998,20.288049136095506,ARE_WHO
Argentina,2021-06-07,23627,3939024,456,80867,AMRO,45864941,45864941,ARG,ARG,WHO,AR,1.0441681423407276,3939024,206761,64.40057497138329,ARG_WHO
Armenia,2021-06-07,32,223212,5,4463,EURO,3011609,3011609,ARM,ARM,WHO,AM,0.7237835159430688,223212,542,2.5710034545842912,ARM_WHO
American Samoa,2021-06-07,0,0,0,0,WPRO,46366,46366,ASM,ASM,WHO,AS,,0,0,0,ASM_WHO
Antigua and Barbuda,2021-06-07,0,1263,0,42,AMRO,99175,99175,ATG,ATG,WHO,AG,0.7351185241017384,1263,3,0.43213655515142785,ATG_WHO
Australia,2021-06-07,17,30175,0,910,WPRO,25809973,25809973,AUS,AUS,WHO,AU,1.173345538701529,30175,77,0.042619184452459526,AUS_WHO
Austria,2021-06-07,355,642784,3,10376,EURO,8884864,8884864,AUT,AUT,WHO,AT,0.7767421494125035,642784,2256,3.6273567528519766,AUT_WHO
Azerbaijan,2021-06-07,68,334715,5,4941,EURO,10282283,10282283,AZE,AZE,WHO,AZ,0.6746596767594057,334715,851,1.182338869407004,AZE_WHO
Burundi,2021-06-07,20,4925,0,8,AFRO,12241065,12241065,BDI,BDI,WHO,BI,1.0189130197849405,4925,135,0.15754931687491477,BDI_WHO
Belgium,2021-06-07,1,1070802,0,25033,EURO,11778842,11778842,BEL,BEL,WHO,BE,0.8403671550787062,1070802,8311,10.079816965757027,BEL_WHO
Benin,2021-06-07,0,8082,0,102,AFRO,13301694,13301694,BEN,BEN,WHO,BJ,0.7931414273873493,8082,24,0.025775449567336524,BEN_WHO
"Bonaire, Sint Eustatius, and Saba",2021-06-07,0,1616,0,17,AMRO,0,0,BES,BES,WHO,BQ,0.5867067546266385,1616,4,,BES_WHO
Burkina Faso,2021-06-07,1,13453,0,167,AFRO,21382659,21382659,BFA,BFA,WHO,BF,1.000407636130615,13453,23,0.0153662567677588,BFA_WHO
Bangladesh,2021-06-07,1676,810990,38,12839,SEARO,164098818,164098818,BGD,BGD,WHO,BD,1.1242929950949354,810990,12160,1.0585955939931617,BGD_WHO
Bulgaria,2021-06-07,47,419473,7,17820,EURO,6919180,6919180,BGR,BGR,WHO,BG,0.7243547241836562,419473,1199,2.4755204270695987,BGR_WHO
Bahrain,2021-06-07,1496,251078,28,1119,EMRO,1526929,1526929,BHR,BHR,WHO,BH,1.0501961616044755,251078,12921,120.88690062584068,BHR_WHO
Bahamas,2021-06-07,0,11930,0,232,AMRO,352655,352655,BHS,BHS,WHO,BS,0.840781864771937,11930,134,5.428210898146103,BHS_WHO
Bosnia and Herzegovina,2021-06-07,26,204386,4,9399,EURO,3824782,3824782,BIH,BIH,WHO,BA,0.7346292957828524,204386,408,1.5238963759428457,BIH_WHO
Saint Barthélemy,2021-06-07,0,1029,0,1,AMRO,7116,7116,BLM,BLM,WHO,BL,0.8504846321991614,1029,6,12.045290291496023,BLM_WHO
Belarus,2021-06-07,943,399852,10,2910,EURO,9441842,9441842,BLR,BLR,WHO,BY,0.9133843325812963,399852,6045,9.146217746192201,BLR_WHO
Belize,2021-06-07,0,12861,0,325,AMRO,405633,405633,BLZ,BLZ,WHO,BZ,1.0905824563551636,12861,70,2.465282656983036,BLZ_WHO
Bermuda,2021-06-07,0,2494,0,33,AMRO,72084,72084,BMU,BMU,WHO,BM,0.5015331799754854,2494,3,0.5945444600347214,BMU_WHO
Bolivia (Plurinational State of),2021-06-07,2277,385734,81,14981,AMRO,11758869,11758869,BOL,BOL,WHO,BO,1.078099242420159,385734,19020,23.107178565752005,BOL_WHO
Brazil,2021-06-07,66017,16907425,1689,472531,AMRO,213445417,213445417,BRA,BRA,WHO,BR,0.994287497640153,16907425,435825,29.169384454721875,BRA_WHO
Barbados,2021-06-07,1,4030,0,47,AMRO,301865,301865,BRB,BRB,WHO,BB,0.9164497282688987,4030,18,0.8518472070059699,BRB_WHO
Brunei Darussalam,2021-06-07,0,244,0,3,WPRO,471103,471103,BRN,BRN,WHO,BN,1.1046157722075356,244,2,0.06064794444405697,BRN_WHO
Bhutan,2021-06-07,5,1687,0,1,SEARO,857423,857423,BTN,BTN,WHO,BT,1.123682452894742,1687,75,1.249591591814742,BTN_WHO
Botswana,2021-06-07,0,58764,0,866,AFRO,2350667,2350667,BWA,BWA,WHO,BW,0.9300675449251682,58764,2451,14.895468271042096,BWA_WHO
Central African Republic,2021-06-07,0,7101,0,98,AFRO,5357984,5357984,CAF,CAF,WHO,CF,0.3965877719431386,7101,16,0.04265996848281529,CAF_WHO
Canada,2021-06-07,1666,1391174,33,25712,AMRO,37943231,37943231,CAN,CAN,WHO,CA,0.7478596174143279,1391174,14440,5.4366934193272645,CAN_WHO
Switzerland,2021-06-07,0,694181,0,10215,EURO,8453550,8453550,CHE,CHE,WHO,CH,0.7650348968777559,694181,2342,3.957762461586299,CHE_WHO
Chile,2021-06-07,7690,1427956,121,29937,AMRO,18307925,18307925,CHL,CHL,WHO,CL,1.0644840400893372,1427956,50449,39.365466048173126,CHL_WHO
China,2021-06-07,369,114474,36,5106,WPRO,1397897720,1397897720,CHN,CHN,WHO,CN,1.2070118922157222,114474,3328,0.03401025444326295,CHN_WHO
Côte d’Ivoire,2021-06-07,14,47490,0,306,AFRO,28088455,28088455,CIV,CIV,WHO,CI,0.9765002286873777,47490,295,0.15003622357604626,CIV_WHO
Cameroon,2021-06-07,0,78929,0,1275,AFRO,28524175,28524175,CMR,CMR,WHO,CM,1.141164825482323,78929,947,0.47428440712383196,CMR_WHO
Democratic Republic of the Congo,2021-06-07,406,33202,7,804,AFRO,105044646,105044646,COD,COD,WHO,CD,1.53177933378404,33202,1551,0.21093072042094232,COD_WHO
Congo,2021-06-07,0,11920,0,155,AFRO,5417414,5417414,COG,COG,WHO,CG,1.1673957443404261,11920,262,0.6908936889182076,COG_WHO
Cook Islands,2021-06-07,0,0,0,0,WPRO,8327,8327,COK,COK,WHO,CK,,0,0,0,COK_WHO
Colombia,2021-06-07,28971,3547017,532,91422,AMRO,50355650,50355650,COL,COL,WHO,CO,1.1463663826714272,3547017,183956,52.18764641391496,COL_WHO
Comoros,2021-06-07,0,3956,0,146,AFRO,864335,864335,COM,COM,WHO,KM,0.940795202690127,3956,5,0.08263991557506226,COM_WHO
Cabo Verde,2021-06-07,94,31097,0,267,AFRO,589451,589451,CPV,CPV,WHO,CV,0.8145351001233567,31097,738,17.885892369097927,CPV_WHO
Costa Rica,2021-06-07,0,327979,0,4153,AMRO,5151140,5151140,CRI,CRI,WHO,CR,0.9368071449474739,327979,11539,32.00123800612236,CRI_WHO
Cuba,2021-06-07,1087,148918,9,1012,AMRO,11032343,11032343,CUB,CUB,WHO,CU,0.9748740964433406,148918,7752,10.03801795709734,CUB_WHO
Curaçao,2021-06-07,0,12276,0,122,AMRO,151885,151885,CUW,CUW,WHO,CW,0.5114701754920594,12276,5,0.47028061644383207,CUW_WHO
Cayman Islands,2021-06-07,0,587,0,2,AMRO,63131,63131,CYM,CYM,WHO,KY,0.8093175000815822,587,6,1.357721020010545,CYM_WHO
Cyprus,2021-06-07,29,72779,0,363,EURO,1281506,1281506,CYP,CYP,WHO,CY,0.6292248340289578,72779,372,4.1469066194662485,CYP_WHO
Czechia,2021-06-07,90,1663607,5,30164,EURO,10702596,10702596,CZE,CZE,WHO,CZ,0.7124499999613401,1663607,2335,3.116733814594409,CZE_WHO
Germany,2021-06-07,1117,3701484,22,89244,EURO,79903481,79903481,DEU,DEU,WHO,DE,0.7013039978747228,3701484,20358,3.6397484538698808,DEU_WHO
Djibouti,2021-06-07,6,11562,0,154,EMRO,938413,938413,DJI,DJI,WHO,DJ,0.6425901805232587,11562,34,0.5175911733045958,DJI_WHO
Dominica,2021-06-07,0,188,0,0,AMRO,74584,74584,DMA,DMA,WHO,DM,0.6752237809255635,188,0,0,DMA_WHO
Denmark,2021-06-07,853,286489,0,2518,EURO,5894687,5894687,DNK,DNK,WHO,DK,0.9714797406265514,286489,6106,14.7978292025635,DNK_WHO
Dominican Republic,2021-06-07,1397,301078,2,3654,AMRO,10597348,10597348,DOM,DOM,WHO,DO,1.1347636700462875,301078,9168,12.358887201913968,DOM_WHO
Algeria,2021-06-07,277,130958,8,3518,AFRO,43576691,43576691,DZA,DZA,WHO,DZ,1.1451607502633163,130958,2233,0.7320427335797479,DZA_WHO
Ecuador,2021-06-07,924,432353,36,20809,AMRO,17093159,17093159,ECU,ECU,WHO,EC,0.9032396339355523,432353,6512,5.442444631128244,ECU_WHO
Egypt,2021-06-07,801,267972,43,15352,EMRO,106437241,106437241,EGY,EGY,WHO,EG,0.9481724002987686,267972,6306,0.8463740081886779,EGY_WHO
Eritrea,2021-06-07,0,4461,0,14,AFRO,6147398,6147398,ERI,ERI,WHO,ER,1.5763501421866382,4461,400,0.9295454295111062,ERI_WHO
Spain,2021-06-07,0,3693012,0,80099,EURO,47260584,47260584,ESP,ESP,WHO,ES,0.8690521947511759,3693012,13418,4.055931985218682,ESP_WHO
Estonia,2021-06-07,37,130156,1,1264,EURO,1220042,1220042,EST,EST,WHO,EE,0.7220003456616472,130156,612,7.166029647222919,EST_WHO
Ethiopia,2021-06-07,109,272914,8,4209,AFRO,110871031,110871031,ETH,ETH,WHO,ET,0.8035476819063367,272914,1569,0.20216539444181517,ETH_WHO
Finland,2021-06-07,0,92770,0,959,EURO,5587442,5587442,FIN,FIN,WHO,FI,0.7626772225265973,92770,338,0.8641828279508635,FIN_WHO
Fiji,2021-06-07,83,687,0,4,WPRO,939535,939535,FJI,FJI,WHO,FJ,1.597529495940309,687,286,4.348655756000879,FJI_WHO
Falkland Islands (Malvinas),2021-06-07,0,63,0,0,AMRO,3198,3198,FLK,FLK,WHO,FK,4.921906255059003,63,0,0,FLK_WHO
France,2021-06-07,5070,5610271,25,109121,EURO,68084217,68084217,FRA,FRA,WHO,FR,0.8478109932536677,5610271,44057,9.244223434128857,FRA_WHO
Faroe Islands,2021-06-07,2,743,0,1,EURO,51943,51943,FRO,FRO,WHO,FO,1.3859745504061558,743,25,6.875668658777067,FRO_WHO
Micronesia (Federated States of),2021-06-07,0,0,0,0,WPRO,101675,101675,FSM,FSM,WHO,FM,,0,0,0,FSM_WHO
Gabon,2021-06-07,0,24591,0,154,AFRO,2284912,2284912,GAB,GAB,WHO,GA,0.8609897651100756,24591,226,1.4129959615825154,GAB_WHO
The United Kingdom,2021-06-07,5223,4516896,4,127840,EURO,66052076,66052076,GBR,GBR,WHO,GB,1.2835145858778458,4516896,32836,7.101755806823003,GBR_WHO
Georgia,2021-06-07,307,349405,24,4934,EURO,4933674,4933674,GEO,GEO,WHO,GE,0.8944830230450515,349405,5442,15.757599132584996,GEO_WHO
Guernsey,2021-06-07,0,823,0,17,EURO,67334,67334,GGY,GGY,WHO,GG,2.7519874111943867,823,0,0,GGY_WHO
Ghana,2021-06-07,40,94228,1,787,AFRO,32372889,32372889,GHA,GHA,WHO,GH,1.0069698651244847,94228,330,0.14562449814984738,GHA_WHO
Gibraltar,2021-06-07,0,4300,0,94,EURO,29516,29516,GIB,GIB,WHO,GI,1.7655378360630098,4300,7,3.3879929529746575,GIB_WHO
Guinea,2021-06-07,0,23255,0,162,AFRO,12877894,12877894,GIN,GIN,WHO,GN,0.8474765787756239,23255,83,0.09207361744973873,GIN_WHO
Guadeloupe,2021-06-07,0,17108,0,260,AMRO,0,0,GLP,GLP,WHO,GP,0.8033561239643406,17108,234,,GLP_WHO
Gambia,2021-06-07,0,5999,0,179,AFRO,2221301,2221301,GMB,GMB,WHO,GM,0.6845077663084872,5999,6,0.03858742498845753,GMB_WHO
Guinea-Bissau,2021-06-07,0,3787,0,68,AFRO,1976187,1976187,GNB,GNB,WHO,GW,1.629459228437698,3787,21,0.15180749595053505,GNB_WHO
Equatorial Guinea,2021-06-07,0,8626,0,118,AFRO,857008,857008,GNQ,GNQ,WHO,GQ,0.6670431638311473,8626,97,1.6169210622471266,GNQ_WHO
Greece,2021-06-07,579,409368,24,12277,EURO,10569703,10569703,GRC,GRC,WHO,GR,0.876854807288432,409368,8067,10.903131066488543,GRC_WHO
Grenada,2021-06-07,0,161,0,1,AMRO,113570,113570,GRD,GRD,WHO,GD,4.671493718079331,161,0,0,GRD_WHO
Greenland,2021-06-07,0,40,0,0,EURO,57799,57799,GRL,GRL,WHO,GL,1.1773707067641248,40,0,0,GRL_WHO
Guatemala,2021-06-07,566,261958,14,8294,AMRO,17422821,17422821,GTM,GTM,WHO,GT,1.0471235619501154,261958,7733,6.340616629845911,GTM_WHO
French Guiana,2021-06-07,0,24725,0,121,AMRO,0,0,GUF,GUF,WHO,GF,0.9428164750879225,24725,962,,GUF_WHO
Guam,2021-06-07,0,7957,0,139,WPRO,168801,168801,GUM,GUM,WHO,GU,0.8823117071901745,7957,39,3.300589790006322,GUM_WHO
Guyana,2021-06-07,158,17617,2,405,AMRO,787971,787971,GUY,GUY,WHO,GY,0.9609725038513907,17617,795,14.413148272135468,GUY_WHO
Honduras,2021-06-07,535,241574,6,6460,AMRO,9346277,9346277,HND,HND,WHO,HN,0.9042214500397414,241574,4622,7.064692329209954,HND_WHO
Croatia,2021-06-07,0,357565,0,8086,EURO,4208973,4208973,HRV,HRV,WHO,HR,0.6683092714444829,357565,1424,4.833211603604286,HRV_WHO
Haiti,2021-06-07,153,15435,2,325,AMRO,11198240,11198240,HTI,HTI,WHO,HT,1.4113749788812349,15435,1084,1.3828703694253994,HTI_WHO
Hungary,2021-06-07,81,806089,12,29782,EURO,9728337,9728337,HUN,HUN,WHO,HU,0.7059735916989917,806089,1551,2.2775879224931104,HUN_WHO
Indonesia,2021-06-07,5832,1856038,163,51612,SEARO,275122131,275122131,IDN,IDN,WHO,ID,1.0901632221848725,1856038,39997,2.076843880966138,IDN_WHO
Isle of Man,2021-06-07,0,1597,0,29,EURO,90895,90895,IMN,IMN,WHO,IM,2.032990254895856,1597,5,0.7858360903082835,IMN_WHO
India,2021-06-07,100636,28909975,2427,349186,SEARO,1339330514,1339330514,IND,IND,WHO,IN,0.7852150254218058,28909975,862441,9.199062953840619,IND_WHO
Ireland,2021-06-07,0,263689,0,4941,EURO,5224884,5224884,IRL,IRL,WHO,IE,0.9682788792580375,263689,2154,5.889399376412677,IRL_WHO
Iran (Islamic Republic of),2021-06-07,5612,2966363,122,81063,EMRO,85888910,85888910,IRN,IRN,WHO,IR,0.9044899718693356,2966363,64269,10.68972200751612,IRN_WHO
Iraq,2021-06-07,3314,1224992,20,16538,EMRO,39650145,39650145,IRQ,IRQ,WHO,IQ,1.0111995708856674,1224992,27910,10.055809019469809,IRQ_WHO
Iceland,2021-06-07,0,6604,0,30,EURO,354234,354234,ISL,ISL,WHO,IS,1.0378190811104662,6604,28,1.129197084413128,ISL_WHO
Israel,2021-06-07,11,839577,0,6418,EURO,8787045,8787045,ISR,ISR,WHO,IL,0.8189393682593655,839577,119,0.1934666318426729,ISR_WHO
Italy,2021-06-07,2275,4232428,51,126523,EURO,62390364,62390364,ITA,ITA,WHO,IT,0.7578309933008904,4232428,16425,3.760882964921589,ITA_WHO
Jamaica,2021-06-07,50,48951,6,970,AMRO,2816602,2816602,JAM,JAM,WHO,JM,0.9159302407270447,48951,484,2.4548323527021974,JAM_WHO
Jersey,2021-06-07,0,3243,0,69,EURO,101476,101476,JEY,JEY,WHO,JE,1.0587537315902218,3243,0,0,JEY_WHO
Jordan,2021-06-07,528,739847,14,9530,EMRO,10909567,10909567,JOR,JOR,WHO,JO,0.9211120867811323,739847,4036,5.285007448704688,JOR_WHO
Japan,2021-06-07,2078,762401,51,13574,WPRO,124687293,124687293,JPN,JPN,WHO,JP,0.810592758053139,762401,17914,2.052448806585974,JPN_WHO
Kazakhstan,2021-06-07,0,450868,0,7465,EURO,19245793,19245793,KAZ,KAZ,WHO,KZ,0.8467478653933356,450868,7933,5.888485417492094,KAZ_WHO
Kenya,2021-06-07,166,172491,23,3287,AFRO,54685051,54685051,KEN,KEN,WHO,KE,0.9321071847503211,172491,1844,0.48171953141009494,KEN_WHO
Kyrgyzstan,2021-06-07,362,107335,5,1852,EURO,6018789,6018789,KGZ,KGZ,WHO,KG,1.0549051416578907,107335,2606,6.1853923486221944,KGZ_WHO
Cambodia,2021-06-07,631,34244,11,263,WPRO,17304363,17304363,KHM,KHM,WHO,KH,1.1103629568429214,34244,4150,3.426055861502344,KHM_WHO
Kiribati,2021-06-07,0,0,0,0,WPRO,113001,113001,KIR,KIR,WHO,KI,,0,0,0,KIR_WHO
Saint Kitts and Nevis,2021-06-07,0,78,0,0,AMRO,54149,54149,KNA,KNA,WHO,KN,1.3925311420038389,78,10,2.638223103975011,KNA_WHO
Republic of Korea,2021-06-07,485,144637,1,1974,WPRO,51715162,51715162,KOR,KOR,WHO,KR,0.9820172298996507,144637,4297,1.1869964612257096,KOR_WHO
Kuwait,2021-06-07,1297,317197,1,1795,EMRO,3032065,3032065,KWT,KWT,WHO,KW,1.078793174209188,317197,9385,44.21786095332013,KWT_WHO
Lao People's Democratic Republic,2021-06-07,6,1963,0,3,WPRO,7574356,7574356,LAO,LAO,WHO,LA,0.588995515678101,1963,52,0.09807528756994559,LAO_WHO
Lebanon,2021-06-07,134,541557,5,7763,EMRO,5261372,5261372,LBN,LBN,WHO,LB,0.7679624028445159,541557,1280,3.4754650090725927,LBN_WHO
Liberia,2021-06-07,0,2251,0,86,AFRO,5214030,5214030,LBR,LBR,WHO,LR,1.5413348148273667,2251,72,0.19726994830705394,LBR_WHO
Libya,2021-06-07,328,187281,6,3143,EMRO,7017224,7017224,LBY,LBY,WHO,LY,1.0768214900308817,187281,2100,4.2751948633818735,LBY_WHO
Saint Lucia,2021-06-07,0,5108,0,80,AMRO,166637,166637,LCA,LCA,WHO,LC,0.8215769856263879,5108,55,4.715125006536878,LCA_WHO
Liechtenstein,2021-06-07,0,3111,0,57,EURO,39425,39425,LIE,LIE,WHO,LI,0.9334835772413755,3111,8,2.898813298306006,LIE_WHO
Sri Lanka,2021-06-07,2976,205333,86,1742,SEARO,23044123,23044123,LKA,LKA,WHO,LK,1.0349384479210906,205333,21881,13.564660902292278,LKA_WHO
Lesotho,2021-06-07,0,10837,0,326,AFRO,2177740,2177740,LSO,LSO,WHO,LS,0.7945400746409331,10837,6,0.03935928334616884,LSO_WHO
Lithuania,2021-06-07,90,276543,2,4309,EURO,2711566,2711566,LTU,LTU,WHO,LT,0.7273584406971825,276543,2344,12.34921601971491,LTU_WHO
Luxembourg,2021-06-07,0,70182,0,818,EURO,639589,639589,LUX,LUX,WHO,LU,0.7485485392164888,70182,293,6.544381291289071,LUX_WHO
Latvia,2021-06-07,135,134812,6,2413,EURO,1862687,1862687,LVA,LVA,WHO,LV,0.8007078734752664,134812,1714,13.145372403261678,LVA_WHO
Saint Martin,2021-06-07,0,2113,0,22,AMRO,0,0,MAF,MAF,WHO,MF,1.2428944508829536,2113,104,,MAF_WHO
Morocco,2021-06-07,231,521426,5,9178,EMRO,36561813,36561813,MAR,MAR,WHO,MA,1.0996589297627017,521426,2318,0.9057068836899778,MAR_WHO
Monaco,2021-06-07,0,2508,0,33,EURO,31223,31223,MCO,MCO,WHO,MC,0.740733866921061,2508,4,1.8301526804873698,MCO_WHO
Republic of Moldova,2021-06-07,21,255453,2,6134,EURO,3323875,3323875,MDA,MDA,WHO,MD,0.6922630640254174,255453,308,1.3237561580986046,MDA_WHO
Madagascar,2021-06-07,59,41690,2,861,AFRO,27534354,27534354,MDG,MDG,WHO,MG,0.7282369622917663,41690,424,0.21998492708936832,MDG_WHO
Maldives,2021-06-07,412,67950,3,185,SEARO,390669,390669,MDV,MDV,WHO,MV,0.8609530675982642,67950,4264,155.9230082609209,MDV_WHO
Mexico,2021-06-07,2649,2432280,186,228754,AMRO,130207371,130207371,MEX,MEX,WHO,MX,1.0838608788165252,2432280,20777,2.2795505618056424,MEX_WHO
Marshall Islands,2021-06-07,0,4,0,0,WPRO,78831,78831,MHL,MHL,WHO,MH,,4,0,0,MHL_WHO
North Macedonia,2021-06-07,10,155417,7,5455,EURO,2128262,2128262,MKD,MKD,WHO,MK,0.6164724664005374,155417,148,0.9934330050932236,MKD_WHO
Mali,2021-06-07,2,14298,1,519,AFRO,20137527,20137527,MLI,MLI,WHO,ML,0.6243495221515437,14298,33,0.023410450122727158,MLI_WHO
Malta,2021-06-07,3,30571,0,419,EURO,460891,460891,MLT,MLT,WHO,MT,1.0541770685208853,30571,38,1.1778427933223752,MLT_WHO
Myanmar,2021-06-07,64,144317,2,3225,SEARO,57069099,57069099,MMR,MMR,WHO,MM,1.5633698712449768,144317,746,0.1867410392643987,MMR_WHO
Montenegro,2021-06-07,0,99804,0,1591,EURO,607414,607414,MNE,MNE,WHO,ME,0.786291616603863,99804,160,3.763025359498276,MNE_WHO
Mongolia,2021-06-07,1288,65266,4,311,WPRO,3198913,3198913,MNG,MNG,WHO,MN,1.1874301730877626,65266,7754,34.627834070957405,MNG_WHO
Northern Mariana Islands (Commonwealth of the),2021-06-07,0,183,0,2,WPRO,51659,51659,MNP,MNP,WHO,MP,0.7082571141843437,183,0,0,MNP_WHO
Mozambique,2021-06-07,32,71114,0,837,AFRO,30888034,30888034,MOZ,MOZ,WHO,MZ,1.1668652182475723,71114,334,0.1544749844366453,MOZ_WHO
Mauritania,2021-06-07,32,19817,2,468,AFRO,4079284,4079284,MRT,MRT,WHO,MR,1.098222891459189,19817,323,1.1311508868433073,MRT_WHO
Montserrat,2021-06-07,0,20,0,1,AMRO,5387,5387,MSR,MSR,WHO,MS,4.999999969506623,20,0,0,MSR_WHO
Martinique,2021-06-07,0,12060,0,97,AMRO,0,0,MTQ,MTQ,WHO,MQ,0.9217162011948528,12060,81,,MTQ_WHO
Mauritius,2021-06-07,0,1458,0,18,AFRO,1386129,1386129,MUS,MUS,WHO,MU,1.3249117923266995,1458,65,0.6699026054367441,MUS_WHO
Malawi,2021-06-07,6,34390,1,1157,AFRO,20308502,20308502,MWI,MWI,WHO,MW,0.9868255503038287,34390,55,0.03868893361579725,MWI_WHO
Malaysia,2021-06-07,6241,616815,87,3378,WPRO,33519406,33519406,MYS,MYS,WHO,MY,1.1357456554193341,616815,51282,21.855995896824663,MYS_WHO
Mayotte,2021-06-07,0,19347,0,173,AFRO,0,0,MYT,MYT,WHO,YT,1.3145688000590603,19347,22,,MYT_WHO
Namibia,2021-06-07,650,58707,7,912,AFRO,2678191,2678191,NAM,NAM,WHO,NA,1.2751809133273477,58707,3566,19.021368208188715,NAM_WHO
New Caledonia,2021-06-07,0,128,0,0,WPRO,293608,293608,NCL,NCL,WHO,NC,1.2855184586000952,128,0,0,NCL_WHO
Niger,2021-06-07,1,5439,0,192,AFRO,23605767,23605767,NER,NER,WHO,NE,0.9328190003064772,5439,29,0.017550190776928126,NER_WHO
Nigeria,2021-06-07,11,166767,0,2117,AFRO,219463862,219463862,NGA,NGA,WHO,NG,1.150795802156929,166767,452,0.029422351353421715,NGA_WHO
Nicaragua,2021-06-07,0,5949,0,187,AMRO,6243931,6243931,NIC,NIC,WHO,NI,1.1255904198431257,5949,116,0.2654005717140143,NIC_WHO
Niue,2021-06-07,0,0,0,0,WPRO,2000,2000,NIU,NIU,WHO,NU,,0,0,0,NIU_WHO
Netherlands,2021-06-07,1596,1663050,3,17678,EURO,17337403,17337403,NLD,NLD,WHO,NL,0.8053518890853014,1663050,16012,13.193605590344594,NLD_WHO
Norway,2021-06-07,0,126169,0,785,EURO,5509591,5509591,NOR,NOR,WHO,NO,0.9748455420618136,126169,2140,5.548765520240717,NOR_WHO
Nepal,2021-06-07,3024,588124,99,7898,SEARO,30424878,30424878,NPL,NPL,WHO,NP,0.849289156611983,588124,31000,14.555757392261125,NPL_WHO
Nauru,2021-06-07,0,0,0,0,WPRO,9770,9770,NRU,NRU,WHO,NR,,0,0,0,NRU_WHO
New Zealand,2021-06-07,0,2326,0,26,WPRO,4991442,4991442,NZL,NZL,WHO,NZ,0.872517718513616,2326,9,0.02575837374679072,NZL_WHO
Oman,2021-06-07,1080,223879,12,2413,EMRO,3694755,3694755,OMN,OMN,WHO,OM,1.1336379311263083,223879,7696,29.75646751756399,OMN_WHO
Pakistan,2021-06-07,1629,932140,76,21265,EMRO,238181034,238181034,PAK,PAK,WHO,PK,0.8965393216994343,932140,13204,0.7919546248530075,PAK_WHO
Panama,2021-06-07,827,381949,6,6395,AMRO,3928646,3928646,PAN,PAN,WHO,PA,1.0828938257078649,381949,4521,16.439687944832468,PAN_WHO
Pitcairn Islands,2021-06-07,0,0,0,0,WPRO,50,50,PCN,PCN,WHO,PN,,0,0,0,PCN_WHO
Peru,2021-06-07,4225,1980391,260,186073,AMRO,32201224,32201224,PER,PER,WHO,PE,0.9063297729483298,1980391,28740,12.750180818326301,PER_WHO
Philippines,2021-06-07,7228,1269478,166,21898,WPRO,110818325,110818325,PHL,PHL,WHO,PH,1.0390810654254696,1269478,45861,5.911992830221381,PHL_WHO
Palau,2021-06-07,0,0,0,0,WPRO,21613,21613,PLW,PLW,WHO,PW,,0,0,0,PLW_WHO
Papua New Guinea,2021-06-07,0,16327,0,164,WPRO,7399757,7399757,PNG,PNG,WHO,PG,0.6987750618938348,16327,417,0.8050457409807994,PNG_WHO
Poland,2021-06-07,192,2875328,8,74160,EURO,38185913,38185913,POL,POL,WHO,PL,0.5958804635344526,2875328,3045,1.1391635444201635,POL_WHO
Puerto Rico,2021-06-07,55,139004,2,2518,AMRO,3142779,3142779,PRI,PRI,WHO,PR,0.7364553262936049,139004,425,1.9318662150372559,PRI_WHO
Democratic People's Republic of Korea,2021-06-07,0,0,0,0,SEARO,25831360,25831360,PRK,PRK,WHO,KP,,0,0,0,PRK_WHO
Portugal,2021-06-07,612,852646,2,17034,EURO,10263850,10263850,PRT,PRT,WHO,PT,1.1051164374078035,852646,3988,5.55068795543861,PRT_WHO
Paraguay,2021-06-07,2838,371021,130,9739,AMRO,7272639,7272639,PRY,PRY,WHO,PY,1.0578748591184388,371021,20408,40.087629420744946,PRY_WHO
"occupied Palestinian territory, including east Jerusalem",2021-06-07,173,338867,1,3785,EMRO,4906308,4906308,PSE,PSE,WHO,PS,1.051725703931947,338867,1978,5.75934956736162,PSE_WHO
French Polynesia,2021-06-07,0,18889,0,142,WPRO,297154,297154,PYF,PYF,WHO,PF,0.9518707728316539,18889,29,1.3941784875374865,PYF_WHO
Qatar,2021-06-07,172,218627,3,569,EMRO,2479995,2479995,QAT,QAT,WHO,QA,0.8639719700512865,218627,1397,8.047251247338345,QAT_WHO
Réunion,2021-06-07,0,26075,0,203,AFRO,0,0,REU,REU,WHO,RE,1.0681879086102595,26075,1174,,REU_WHO
Romania,2021-06-07,121,1078863,90,30815,EURO,21230362,21230362,ROU,ROU,WHO,RO,0.6477321002852622,1078863,1279,0.8606272738744902,ROU_WHO
Russian Federation,2021-06-07,9429,5135866,330,124117,EURO,142320790,142320790,RUS,RUS,WHO,RU,1.0152854227006693,5135866,63949,6.418999942714924,RUS_WHO
Rwanda,2021-06-07,83,27245,1,360,AFRO,12943132,12943132,RWA,RWA,WHO,RW,0.8211630896883045,27245,327,0.36091948775833943,RWA_WHO
Saudi Arabia,2021-06-07,984,457546,16,7456,EMRO,34783757,34783757,SAU,SAU,WHO,SA,1.046796369332969,457546,8355,3.431404573610115,SAU_WHO
Sudan,2021-06-07,0,36004,0,2697,EMRO,46751152,46751152,SDN,SDN,WHO,SD,1.3192222540265384,36004,509,0.1555347464256832,SDN_WHO
Senegal,2021-06-07,0,41631,0,1145,AFRO,16082442,16082442,SEN,SEN,WHO,SN,1.1229363293262384,41631,244,0.21674036105426564,SEN_WHO
Singapore,2021-06-07,20,62196,0,33,WPRO,5866139,5866139,SGP,SGP,WHO,SG,0.9119304654666446,62196,168,0.4091277073386771,SGP_WHO
Saint Helena,2021-06-07,0,0,0,0,AFRO,7915,7915,SHN,SHN,WHO,SH,,0,0,0,SHN_WHO
Solomon Islands,2021-06-07,0,20,0,0,WPRO,690598,690598,SLB,SLB,WHO,SB,4.997478816810123,20,0,0,SLB_WHO
Sierra Leone,2021-06-07,33,4201,0,79,AFRO,6807277,6807277,SLE,SLE,WHO,SL,1.2378109188384456,4201,61,0.1280142664135118,SLE_WHO
El Salvador,2021-06-07,0,74141,4,2270,AMRO,6528135,6528135,SLV,SLV,WHO,SV,0.9990325205063403,74141,895,1.9585554351609284,SLV_WHO
San Marino,2021-06-07,0,5090,0,90,EURO,34467,34467,SMR,SMR,WHO,SM,0.5515702362477535,5090,0,0,SMR_WHO
Somalia,2021-06-07,19,14748,0,773,EMRO,12094640,12094640,SOM,SOM,WHO,SO,0.7045539886738889,14748,88,0.10394214769045274,SOM_WHO
Saint Pierre and Miquelon,2021-06-07,0,25,0,0,AMRO,5321,5321,SPM,SPM,WHO,PM,4.997033788456176,25,0,0,SPM_WHO
Serbia,2021-06-07,116,713678,8,6917,EURO,6974289,6974289,SRB,SRB,WHO,RS,0.6759978607432312,713678,1454,2.9782861839290815,SRB_WHO
South Sudan,2021-06-07,0,10688,0,115,AFRO,10984074,10984074,SSD,SSD,WHO,SS,0.8179478967577009,10688,0,0,SSD_WHO
Sao Tome and Principe,2021-06-07,0,2353,0,37,AFRO,213948,213948,STP,STP,WHO,ST,1.008241842400144,2353,8,0.534175193438192,STP_WHO
Suriname,2021-06-07,283,16292,7,339,AMRO,614749,614749,SUR,SUR,WHO,SR,1.1970032243284217,16292,1777,41.29443770663196,SUR_WHO
Slovakia,2021-06-07,15,390451,10,12414,EURO,5436066,5436066,SVK,SVK,WHO,SK,0.7677467647152392,390451,730,1.918404123233866,SVK_WHO
Slovenia,2021-06-07,157,255375,0,4707,EURO,2102106,2102106,SVN,SVN,WHO,SI,0.844353094168425,255375,1741,11.83167193825077,SVN_WHO
Sweden,2021-06-07,0,1078062,0,14523,EURO,10261767,10261767,SWE,SWE,WHO,SE,0.6840741161027024,1078062,9101,12.669775655039304,SWE_WHO
Eswatini,2021-06-07,17,18653,0,673,AFRO,1113276,1113276,SWZ,SWZ,WHO,SZ,1.119625366048114,18653,62,0.7955927242788722,SWZ_WHO
Sint Maarten,2021-06-07,0,2448,0,28,AMRO,44564,44564,SXM,SXM,WHO,SX,0.9650886002425867,2448,44,14.104914921717723,SXM_WHO
Seychelles,2021-06-07,145,12383,0,42,AFRO,96387,96387,SYC,SYC,WHO,SC,0.9209347620407624,12383,915,135.6140202665149,SYC_WHO
Syrian Arab Republic,2021-06-07,20,24659,3,1793,EMRO,20384316,20384316,SYR,SYR,WHO,SY,0.8821555434519284,24659,192,0.13455723227883354,SYR_WHO
Turks and Caicos Islands,2021-06-07,1,2421,0,17,AMRO,57196,57196,TCA,TCA,WHO,TC,1.351878352831469,2421,9,2.2479094442168783,TCA_WHO
Chad,2021-06-07,0,4939,0,174,AFRO,17414108,17414108,TCD,TCD,WHO,TD,0.6731774638399555,4939,10,0.008203529164809525,TCD_WHO
Togo,2021-06-07,6,13539,0,125,AFRO,8283189,8283189,TGO,TGO,WHO,TG,0.9310414323411959,13539,82,0.14142241248250784,TGO_WHO
Thailand,2021-06-07,2419,179886,33,1269,SEARO,69480520,69480520,THA,THA,WHO,TH,1.0004883804721547,179886,20094,4.131476604624474,THA_WHO
Tajikistan,2021-06-07,0,13714,0,91,EURO,8990874,8990874,TJK,TJK,WHO,TJ,4.999999996678977,13714,0,0,TJK_WHO
Tokelau,2021-06-07,0,0,0,0,WPRO,1647,1647,TKL,TKL,WHO,TK,,0,0,0,TKL_WHO
Turkmenistan,2021-06-07,0,0,0,0,EURO,5579889,5579889,TKM,TKM,WHO,TM,,0,0,0,TKM_WHO
Timor-Leste,2021-06-07,105,7764,0,17,SEARO,1413958,1413958,TLS,TLS,WHO,TL,0.9489078727535957,7764,867,8.759605508589566,TLS_WHO
Tonga,2021-06-07,0,0,0,0,WPRO,105780,105780,TON,TON,WHO,TO,,0,0,0,TON_WHO
Trinidad and Tobago,2021-06-07,391,26192,8,564,AMRO,1221047,1221047,TTO,TTO,WHO,TT,1.019468415876494,26192,3191,37.33330026257325,TTO_WHO
Tunisia,2021-06-07,1950,355732,32,12980,EMRO,11811335,11811335,TUN,TUN,WHO,TN,1.1069986631965734,355732,11044,13.357628800760336,TUN_WHO
Turkey,2021-06-07,5386,5287980,96,48164,EURO,82482383,82482383,TUR,TUR,WHO,TR,0.8241311591487224,5287980,45069,7.8058226948032905,TUR_WHO
Tuvalu,2021-06-07,0,0,0,0,WPRO,11448,11448,TUV,TUV,WHO,TV,,0,0,0,TUV_WHO
United Republic of Tanzania,2021-06-07,0,509,0,21,AFRO,62092761,62092761,TZA,TZA,WHO,TZ,5,509,0,0,TZA_WHO
Uganda,2021-06-07,1259,52935,9,383,AFRO,44712143,44712143,UGA,UGA,WHO,UG,1.7522658643526612,52935,5788,1.8492898961634268,UGA_WHO
Ukraine,2021-06-07,535,2215052,33,51215,EURO,43745640,43745640,UKR,UKR,WHO,UA,0.7585252456249338,2215052,12558,4.100980120533155,UKR_WHO
Uruguay,2021-06-07,4213,312703,67,4583,AMRO,3398239,3398239,URY,URY,WHO,UY,1.0567757142778784,312703,24531,103.12484117298904,URY_WHO
United States of America,2021-06-07,11608,33027212,420,591696,AMRO,334998398,334998398,USA,USA,WHO,US,0.8066478942076112,33027212,98034,4.180574362883115,USA_WHO
Uzbekistan,2021-06-07,242,101964,0,696,EURO,30842796,30842796,UZB,UZB,WHO,UZ,0.9448279457892471,101964,1629,0.7545174753750786,UZB_WHO
Holy See,2021-06-07,0,26,0,0,EURO,1000,1000,VAT,VAT,WHO,VA,5,26,0,0,VAT_WHO
Saint Vincent and the Grenadines,2021-06-07,0,2068,0,12,AMRO,101145,101145,VCT,VCT,WHO,VC,1.126712663011176,2068,33,4.6609182008855745,VCT_WHO
Venezuela (Bolivarian Republic of),2021-06-07,1462,240714,10,2708,AMRO,29069153,29069153,VEN,VEN,WHO,VE,1.0569752383768285,240714,9271,4.556130587735293,VEN_WHO
British Virgin Islands,2021-06-07,0,289,0,1,AMRO,37891,37891,VGB,VGB,WHO,VG,1.0321009681668172,289,0,0,VGB_WHO
United States Virgin Islands,2021-06-07,31,3591,0,28,AMRO,0,0,VIR,VIR,WHO,VI,1.170586811790143,3591,126,,VIR_WHO
Viet Nam,2021-06-07,211,8791,0,53,WPRO,102789598,102789598,VNM,VNM,WHO,VN,1.1869936899202864,8791,1623,0.22556479193268453,VNM_WHO
Vanuatu,2021-06-07,0,3,0,0,WPRO,303009,303009,VUT,VUT,WHO,VU,,3,0,0,VUT_WHO
Wallis and Futuna,2021-06-07,0,454,0,7,WPRO,15851,15851,WLF,WLF,WHO,WF,3.654380383569507,454,0,0,WLF_WHO
Samoa,2021-06-07,0,1,0,0,WPRO,204898,204898,WSM,WSM,WHO,WS,,1,0,0,WSM_WHO
Kosovo,2021-06-07,11,107454,1,2235,EURO,1935259,1935259,XKX,XKX,WHO,XK,0.6080509402365674,107454,92,0.6791265222307269,XKX_WHO
Yemen,2021-06-07,7,6787,4,1329,EMRO,30399243,30399243,YEM,YEM,WHO,YE,0.8322772897383274,6787,50,0.02349682570338065,YEM_WHO
South Africa,2021-06-07,5073,1696564,45,56974,AFRO,56978635,56978635,ZAF,ZAF,WHO,ZA,1.1660635175114247,1696564,33739,8.459060387910561,ZAF_WHO
Zambia,2021-06-07,738,100278,5,1308,AFRO,19077816,19077816,ZMB,ZMB,WHO,ZM,1.8046977368232304,100278,5228,3.914793720922473,ZMB_WHO
Zimbabwe,2021-06-07,21,39189,1,1606,AFRO,14829988,14829988,ZWE,ZWE,WHO,ZW,1.19826742263018,39189,245,0.23600828267696508,ZWE_WHO
Other,2021-06-07,0,764,0,13,Other,0,0,OTH,OTH,WHO,OT,0.5630720968624275,764,0,,OTH_WHO
