Country,Date,New Cases,Cumulative Cases,New Deaths,Cumulative Deaths,WHO Region,Population 2020,Population 2018.x,Country Code,country_code,data_source,iso2code,cases_cum,deaths_cum,wkcase,prev_wkcase,wkdeath,prev_wkdeath,case_diff,death_diff,wkcase_change,wkdeath_change,inci,incideath,pct_chng,pct_chngdeath,Rt,ou_src_match
Afghanistan,2021-07-01,1557,120216,91,4962,EMRO,37466414,37466414,AFG,AFG,JHU,AF,120216,4962,10684,13001,510,610,-2317,-100,-0.17821706022613645,-0.16393442622950818,4.073743791668224,0.194459877737813,-17.821706022613647,-16.39344262295082,1,AFG_JHU
Angola,2021-07-01,116,38965,3,903,AFRO,33642646,33642646,AGO,AGO,JHU,AO,38965,903,874,802,22,30,72,-8,0.08977556109725686,-0.26666666666666666,0.3711275945927168,0.009341884532082116,8.977556109725686,-26.666666666666668,1,AGO_JHU
Albania,2021-07-01,2,132523,0,2456,EURO,3088385,3088385,ALB,ALB,JHU,AL,132523,2456,24,18,1,1,6,0,0.3333333333333333,0,0.1110150265776912,0.004625626107403801,33.33333333333333,0,1,ALB_JHU
Andorra,2021-07-01,7,13918,0,127,EURO,85645,85645,AND,AND,JHU,AD,13918,127,41,38,0,0,3,0,0.07894736842105263,,6.838861412975489,0,7.894736842105263,,1,AND_JHU
United Arab Emirates,2021-07-01,1675,634582,8,1819,EMRO,9856612,9856612,ARE,ARE,JHU,AE,634582,1819,14273,14181,44,34,92,10,0.006487553769127706,0.29411764705882354,20.686621325867346,0.06377155036349494,0.6487553769127706,29.411764705882355,1,ARE_JHU
Argentina,2021-07-01,21177,4491551,468,94772,AMRO,45864941,45864941,ARG,ARG,JHU,AR,4491551,94772,140987,128164,3334,3649,12823,-315,0.10005149652008365,-0.08632502055357633,43.91371614323019,1.0384526915355985,10.005149652008365,-8.632502055357632,1,ARG_JHU
Armenia,2021-07-01,126,225221,3,4517,EURO,3011609,3011609,ARM,ARM,JHU,AM,225221,4517,688,533,12,14,155,-2,0.29080675422138835,-0.14285714285714285,3.263561580726923,0.056922585710353316,29.080675422138835,-14.285714285714285,1,ARM_JHU
Antigua and Barbuda,2021-07-01,1,1264,0,42,AMRO,99175,99175,ATG,ATG,JHU,AG,1264,42,1,0,0,0,1,0,,,0.14404551838380927,0,,,1,ATG_JHU
Australia,2021-07-01,41,30684,0,910,WPRO,25809973,25809973,AUS,AUS,JHU,AU,30684,910,260,115,0,0,145,0,1.2608695652173914,,0.1439089345147984,0,126.08695652173914,,1,AUS_JHU
Austria,2021-07-01,62,650474,4,10706,EURO,8884864,8884864,AUT,AUT,JHU,AT,650474,10706,552,741,9,23,-189,-14,-0.2550607287449393,-0.6086956521739131,0.8875447373999517,0.014470838109781822,-25.506072874493928,-60.86956521739131,1,AUT_JHU
Azerbaijan,2021-07-01,75,336122,1,4975,EURO,10282283,10282283,AZE,AZE,JHU,AZ,336122,4975,446,337,10,6,109,4,0.32344213649851633,0.6666666666666666,0.6196511583496167,0.013893523729812032,32.34421364985163,66.66666666666666,1,AZE_JHU
Burundi,2021-07-01,30,5482,0,8,AFRO,12241065,12241065,BDI,BDI,JHU,BI,5482,8,148,236,0,0,-88,0,-0.3728813559322034,,0.17272073257398063,0,-37.28813559322034,,1,BDI_JHU
Belgium,2021-07-01,754,1085885,7,25180,EURO,11778842,11778842,BEL,BEL,JHU,BE,1085885,25180,3977,3657,28,35,320,-7,0.08750341810226962,-0.2,4.823418610614329,0.03395919564928369,8.750341810226962,-20,1,BEL_JHU
Benin,2021-07-01,0,8199,0,104,AFRO,13301694,13301694,BEN,BEN,JHU,BJ,8199,104,29,30,0,1,-1,-1,-0.03333333333333333,-1,0.03114533489386497,0,-3.3333333333333335,-100,1,BEN_JHU
Burkina Faso,2021-07-01,6,13485,0,168,AFRO,21382659,21382659,BFA,BFA,JHU,BF,13485,168,11,14,0,1,-3,-1,-0.21428571428571427,-1,0.00734907932371073,0,-21.428571428571427,-100,1,BFA_JHU
Bangladesh,2021-07-01,8301,921559,143,14646,SEARO,164098818,164098818,BGD,BGD,JHU,BD,921559,14646,48624,31848,778,523,16776,255,0.5267520723436323,0.4875717017208413,4.232989487033182,0.06772922468147037,52.67520723436323,48.75717017208413,1,BGD_JHU
Bulgaria,2021-07-01,73,421902,6,18067,EURO,6919180,6919180,BGR,BGR,JHU,BG,421902,18067,501,542,45,42,-41,3,-0.07564575645756458,0.07142857142857142,1.034391771444428,0.09290944054890073,-7.564575645756458,7.142857142857142,1,BGR_JHU
Bahrain,2021-07-01,148,265975,1,1353,EMRO,1526929,1526929,BHR,BHR,JHU,BH,265975,1353,1570,2904,19,63,-1334,-44,-0.459366391184573,-0.6984126984126984,14.688679976980875,0.17776109526282585,-45.9366391184573,-69.84126984126983,1,BHR_JHU
Bahamas,2021-07-01,149,12735,0,246,AMRO,352655,352655,BHS,BHS,JHU,BS,12735,246,328,165,2,4,163,-2,0.9878787878787879,-0.5,13.286963989491955,0.08101807310665828,98.7878787878788,-50,1,BHS_JHU
Bosnia and Herzegovina,2021-07-01,10,205032,2,9667,EURO,3824782,3824782,BIH,BIH,JHU,BA,205032,9667,96,145,14,27,-49,-13,-0.33793103448275863,-0.48148148148148145,0.3585638531630224,0.052290561919607445,-33.793103448275865,-48.148148148148145,1,BIH_JHU
Belarus,2021-07-01,1023,418212,10,3153,EURO,9441842,9441842,BLR,BLR,JHU,BY,418212,3153,5073,4518,71,67,555,4,0.12284196547144755,0.05970149253731343,7.675560401395043,0.1074245591364179,12.284196547144754,5.970149253731343,1,BLR_JHU
Belize,2021-07-01,49,13300,0,329,AMRO,405633,405633,BLZ,BLZ,JHU,BZ,13300,329,196,110,0,2,86,-2,0.7818181818181819,-1,6.9027914395525025,0,78.18181818181819,-100,1,BLZ_JHU
Bolivia (Plurinational State of),2021-07-01,1662,441286,55,16822,AMRO,11758869,11758869,BOL,BOL,JHU,BO,441286,16822,12108,11983,408,490,125,-82,0.010431444546440792,-0.1673469387755102,14.709869509680614,0.49567449289310295,1.0431444546440791,-16.73469387755102,1,BOL_JHU
Brazil,2021-07-01,65163,18622304,2029,520095,AMRO,213445417,213445417,BRA,BRA,JHU,BR,18622304,520095,378821,540853,10954,13137,-162032,-2183,-0.29958602429865416,-0.16617188094694374,25.354156802666658,0.7331415988459209,-29.958602429865415,-16.617188094694374,1,BRA_JHU
Barbados,2021-07-01,1,4082,0,47,AMRO,301865,301865,BRB,BRB,JHU,BB,4082,47,25,18,0,0,7,0,0.3888888888888889,,1.183121120841625,0,38.88888888888889,,1,BRB_JHU
Brunei Darussalam,2021-07-01,1,261,0,3,WPRO,471103,471103,BRN,BRN,JHU,BN,261,3,5,6,0,0,-1,0,-0.16666666666666666,,0.15161986111014242,0,-16.666666666666664,,1,BRN_JHU
Bhutan,2021-07-01,4,2104,0,1,SEARO,857423,857423,BTN,BTN,JHU,BT,2104,1,98,124,0,0,-26,0,-0.20967741935483872,,1.6327996799712627,0,-20.967741935483872,,1,BTN_JHU
Botswana,2021-07-01,1763,71443,33,1158,AFRO,2350667,2350667,BWA,BWA,JHU,BW,71443,1158,3951,4245,63,155,-294,-92,-0.06925795053003533,-0.5935483870967742,24.011421925290627,0.3828700534784383,-6.925795053003533,-59.354838709677416,1,BWA_JHU
Central African Republic,2021-07-01,0,7141,0,98,AFRO,5357984,5357984,CAF,CAF,JHU,CF,7141,98,2,38,0,0,-36,0,-0.9473684210526315,,0.005332496060351911,0,-94.73684210526315,,1,CAF_JHU
Canada,2021-07-01,72,1422902,0,26273,AMRO,37943231,37943231,CAN,CAN,JHU,CA,1422902,26273,3704,5358,111,158,-1654,-47,-0.30869727510265027,-0.2974683544303797,1.3945645723814537,0.041791756893720666,-30.869727510265026,-29.746835443037973,1,CAN_JHU
Switzerland,2021-07-01,172,703176,3,10894,EURO,8453550,8453550,CHE,CHE,JHU,CH,703176,10894,778,944,14,13,-166,1,-0.17584745762711865,0.07692307692307693,1.3147477348907517,0.02365869959957651,-17.584745762711865,7.6923076923076925,1,CHE_JHU
Chile,2021-07-01,2655,1558557,43,32588,AMRO,18307925,18307925,CHL,CHL,JHU,CL,1558557,32588,26685,33641,791,657,-6956,134,-0.2067714990636426,0.2039573820395738,20.822364397619378,0.6172190458503626,-20.67714990636426,20.395738203957382,1,CHL_JHU
China,2021-07-01,18,91810,0,4636,WPRO,1397897720,1397897720,CHN,CHN,JHU,CN,91810,4636,117,159,0,0,-42,0,-0.2641509433962264,,0.0011956730077709629,0,-26.41509433962264,,1,CHN_JHU
Côte d’Ivoire,2021-07-01,73,48378,2,315,AFRO,28088455,28088455,CIV,CIV,JHU,CI,48378,315,320,85,6,3,235,3,2.764705882352941,1,0.16275115777740612,0.0030515842083263644,276.4705882352941,100,1,CIV_JHU
Cameroon,2021-07-01,0,80858,0,1324,AFRO,28524175,28524175,CMR,CMR,JHU,CM,80858,1324,371,159,4,7,212,-3,1.3333333333333333,-0.42857142857142855,0.18580730205168072,0.0020033132296677163,133.33333333333331,-42.857142857142854,1,CMR_JHU
Democratic Republic of the Congo,2021-07-01,517,41353,9,933,AFRO,105044646,105044646,COD,COD,JHU,CD,41353,933,2417,2358,37,30,59,7,0.02502120441051739,0.23333333333333334,0.32870377257086886,0.005031874052595014,2.502120441051739,23.333333333333332,1,COD_JHU
Congo,2021-07-01,99,12695,1,166,AFRO,5417414,5417414,COG,COG,JHU,CG,12695,166,291,106,2,3,185,-1,1.7452830188679245,-0.3333333333333333,0.7673666544854901,0.005273997625329829,174.52830188679243,-33.33333333333333,1,COG_JHU
Colombia,2021-07-01,28315,4269297,593,107137,AMRO,50355650,50355650,COL,COL,JHU,CO,4269297,107137,209284,200189,4501,4480,9095,21,0.04543206669697136,0.0046875,59.37310765666671,1.2769172873351848,4.5432066696971365,0.46875,1,COL_JHU
Comoros,2021-07-01,7,3943,0,146,AFRO,864335,864335,COM,COM,JHU,KM,3943,146,31,7,0,0,24,0,3.4285714285714284,,0.512367476565386,0,342.85714285714283,,1,COM_JHU
Cabo Verde,2021-07-01,137,32594,1,287,AFRO,589451,589451,CPV,CPV,JHU,CV,32594,287,337,399,2,5,-62,-3,-0.15538847117794485,-0.6,8.167406136024393,0.04847125303278572,-15.538847117794486,-60,1,CPV_JHU
Costa Rica,2021-07-01,1602,369540,7,4674,AMRO,5151140,5151140,CRI,CRI,JHU,CR,369540,4674,10274,10240,93,122,34,-29,0.0033203125,-0.23770491803278687,28.492999330522675,0.25791794215871217,0.33203125,-23.770491803278688,1,CRI_JHU
Cuba,2021-07-01,2952,193945,18,1302,AMRO,11032343,11032343,CUB,CUB,JHU,CU,193945,1302,19156,11374,93,86,7782,7,0.6841920168806049,0.08139534883720931,24.804988646305038,0.12042513803019256,68.4192016880605,8.13953488372093,1,CUB_JHU
Cyprus,2021-07-01,473,76333,0,374,EURO,1281506,1281506,CYP,CYP,JHU,CY,76333,374,2159,730,0,0,1429,0,1.9575342465753425,,24.06766503071944,0,195.75342465753425,,1,CYP_JHU
Czechia,2021-07-01,148,1667435,1,30304,EURO,10702596,10702596,CZE,CZE,JHU,CZ,1667435,30304,914,861,13,34,53,-21,0.06155632984901278,-0.6176470588235294,1.2199977329932716,0.01735226534891962,6.155632984901278,-61.76470588235294,1,CZE_JHU
Germany,2021-07-01,754,3736959,69,91014,EURO,79903481,79903481,DEU,DEU,JHU,DE,3736959,91014,4045,5246,329,408,-1201,-79,-0.22893633244376668,-0.19362745098039216,0.7231939530358419,0.05882096676113522,-22.89363324437667,-19.362745098039216,1,DEU_JHU
Djibouti,2021-07-01,0,11602,0,155,EMRO,938413,938413,DJI,DJI,JHU,DJ,11602,155,5,12,0,1,-7,-1,-0.5833333333333334,-1,0.07611634901538175,0,-58.333333333333336,-100,1,DJI_JHU
Dominica,2021-07-01,0,193,0,0,AMRO,74584,74584,DMA,DMA,JHU,DM,193,0,1,1,0,0,0,0,0,,0.19153859119535402,0,0,,1,DMA_JHU
Denmark,2021-07-01,477,294980,1,2536,EURO,5894687,5894687,DNK,DNK,JHU,DK,294980,2536,1808,1348,4,3,460,1,0.34124629080118696,0.3333333333333333,4.381669701643434,0.009693959516910253,34.124629080118694,33.33333333333333,1,DNK_JHU
Dominican Republic,2021-07-01,972,326193,18,3840,AMRO,10597348,10597348,DOM,DOM,JHU,DO,326193,3840,6057,7321,59,48,-1264,11,-0.17265400901516187,0.22916666666666666,8.165115595767112,0.07953472348526658,-17.265400901516188,22.916666666666664,1,DOM_JHU
Algeria,2021-07-01,449,140075,10,3726,AFRO,43576691,43576691,DZA,DZA,JHU,DZ,140075,3726,2672,2563,57,64,109,-7,0.0425282871634803,-0.109375,0.8759597779333124,0.018686267717888772,4.25282871634803,-10.9375,1,DZA_JHU
Ecuador,2021-07-01,1034,459538,45,21605,AMRO,17093159,17093159,ECU,ECU,JHU,EC,459538,21605,10055,7142,228,202,2913,26,0.4078689442733128,0.12871287128712872,8.403528987407018,0.19055242258864247,40.786894427331276,12.871287128712872,1,ECU_JHU
Egypt,2021-07-01,242,281524,25,16194,EMRO,106437241,106437241,EGY,EGY,JHU,EG,281524,16194,2340,3583,192,242,-1243,-50,-0.34691599218531954,-0.2066115702479339,0.3140683760167311,0.025769712903936908,-34.691599218531955,-20.66115702479339,1,EGY_JHU
Eritrea,2021-07-01,19,6028,2,25,AFRO,6147398,6147398,ERI,ERI,JHU,ER,6028,25,364,470,4,2,-106,2,-0.225531914893617,1,0.8458863408551065,0.00929545429511106,-22.5531914893617,100,1,ERI_JHU
Spain,2021-07-01,12345,3821305,8,80883,EURO,47260584,47260584,ESP,ESP,JHU,ES,3821305,80883,43766,24311,117,132,19455,-15,0.800255028587882,-0.11363636363636363,13.229387335301896,0.03536622762487597,80.0255028587882,-11.363636363636363,1,ESP_JHU
Estonia,2021-07-01,21,131085,0,1269,EURO,1220042,1220042,EST,EST,JHU,EE,131085,1269,187,203,0,2,-16,-2,-0.07881773399014778,-1,2.1896201699847806,0,-7.8817733990147785,-100,1,EST_JHU
Ethiopia,2021-07-01,76,276250,5,4325,AFRO,110871031,110871031,ETH,ETH,JHU,ET,276250,4325,649,826,29,34,-177,-5,-0.21428571428571427,-0.14705882352941177,0.08362354429110136,0.003736645276489891,-21.428571428571427,-14.705882352941178,1,ETH_JHU
Finland,2021-07-01,222,95964,4,973,EURO,5587442,5587442,FIN,FIN,JHU,FI,95964,973,1245,638,4,2,607,2,0.95141065830721006,1,3.1831586414166417,0.010227015715394834,95.141065830721,100,1,FIN_JHU
Fiji,2021-07-01,431,4849,3,24,WPRO,939535,939535,FJI,FJI,JHU,FJ,4849,24,2001,1315,11,7,686,4,0.5216730038022813,0.5714285714285714,30.42538520195021,0.16725599061541843,52.167300380228134,57.14285714285714,1,FJI_JHU
France,2021-07-01,2664,5839929,29,111273,EURO,68084217,68084217,FRA,FRA,JHU,FR,5839929,111273,13651,14817,205,272,-1166,-67,-0.07869339272457312,-0.24632352941176472,2.8643097373696125,0.04301395474036852,-7.869339272457313,-24.63235294117647,1,FRA_JHU
Gabon,2021-07-01,70,25054,0,159,AFRO,2284912,2284912,GAB,GAB,JHU,GA,25054,159,96,126,0,2,-30,-2,-0.23809523809523808,-1,0.6002106739465553,0,-23.809523809523807,-100,1,GAB_JHU
The United Kingdom,2021-07-01,27646,4844944,22,128426,EURO,66052076,66052076,GBR,GBR,JHU,GB,4844944,128426,144253,84063,114,103,60190,11,0.7160106110893021,0.10679611650485436,31.198976135998247,0.024655870446394883,71.60106110893021,10.679611650485436,1,GBR_JHU
Georgia,2021-07-01,980,367058,11,5327,EURO,4933674,4933674,GEO,GEO,JHU,GE,367058,5327,5574,4564,99,114,1010,-15,0.22129710780017528,-0.13157894736842105,16.139812121467983,0.2866597416622408,22.12971078001753,-13.157894736842104,1,GEO_JHU
Ghana,2021-07-01,0,95914,0,796,AFRO,32372889,32372889,GHA,GHA,JHU,GH,95914,796,655,435,2,4,220,-2,0.5057471264367817,-0.5,0.2890425645095455,8.825727160596811e-4,50.57471264367817,-50,1,GHA_JHU
Guinea,2021-07-01,17,23787,1,172,AFRO,12877894,12877894,GIN,GIN,JHU,GN,23787,172,172,184,4,1,-12,3,-0.06521739130434782,3,0.1908031590524706,0.004437282768662107,-6.521739130434782,300,1,GIN_JHU
Gambia,2021-07-01,0,6079,0,181,AFRO,2221301,2221301,GMB,GMB,JHU,GM,6079,181,25,30,0,0,-5,0,-0.16666666666666666,,0.16078093745190641,0,-16.666666666666664,,1,GMB_JHU
Guinea-Bissau,2021-07-01,10,3869,0,69,AFRO,1976187,1976187,GNB,GNB,JHU,GW,3869,69,25,25,0,0,0,0,0,,0.18072320946492265,0,0,,1,GNB_JHU
Equatorial Guinea,2021-07-01,8,8742,1,122,AFRO,857008,857008,GNQ,GNQ,JHU,GQ,8742,122,30,32,2,0,-2,2,-0.0625,,0.5000786790455032,0.03333857860303354,-6.25,,1,GNQ_JHU
Greece,2021-07-01,729,423185,4,12691,EURO,10569703,10569703,GRC,GRC,JHU,GR,423185,12691,3276,2656,87,116,620,-29,0.23343373493975902,-0.25,4.427749767424875,0.11758676122282176,23.343373493975903,-25,1,GRC_JHU
Grenada,2021-07-01,0,161,0,1,AMRO,113570,113570,GRD,GRD,JHU,GD,161,1,0,0,0,0,0,0,,,0,0,,,1,GRD_JHU
Guatemala,2021-07-01,2855,296438,67,9282,AMRO,17422821,17422821,GTM,GTM,JHU,GT,296438,9282,9730,9781,388,345,-51,43,-0.0052141907780390555,0.1246376811594203,7.978042132212688,0.3181377540902901,-0.5214190778039055,12.46376811594203,1,GTM_JHU
Guyana,2021-07-01,87,20142,4,473,AMRO,787971,787971,GUY,GUY,JHU,GY,20142,473,577,832,15,17,-255,-2,-0.30649038461538464,-0.11764705882352941,10.460863588707126,0.27194619381387675,-30.649038461538463,-11.76470588235294,1,GUY_JHU
Hong Kong,2021-07-01,4,11927,0,211,WPRO,7263234,7263234,HKG,HKG,JHU,HK,11927,211,22,24,1,0,-2,1,-0.08333333333333333,,0.0432707681296946,0.0019668530968043,-8.333333333333332,,1,HKG_JHU
Honduras,2021-07-01,616,263376,25,7030,AMRO,9346277,9346277,HND,HND,JHU,HN,263376,7030,6558,6887,151,188,-329,-37,-0.04777116306083926,-0.19680851063829788,10.0238538067847,0.23080236731084017,-4.777116306083927,-19.680851063829788,1,HND_JHU
Croatia,2021-07-01,103,359975,3,8209,EURO,4208973,4208973,HRV,HRV,JHU,HR,359975,8209,572,485,17,27,87,-10,0.17938144329896907,-0.37037037037037035,1.9414305036949797,0.057699857627298366,17.938144329896907,-37.03703703703704,1,HRV_JHU
Haiti,2021-07-01,96,18658,11,436,AMRO,11198240,11198240,HTI,HTI,JHU,HT,18658,436,1055,744,48,27,311,21,0.41801075268817206,0.7777777777777778,1.3458747599112515,0.061234112299279685,41.80107526881721,77.77777777777779,1,HTI_JHU
Hungary,2021-07-01,32,808160,0,29992,EURO,9728337,9728337,HUN,HUN,JHU,HU,808160,29992,316,522,20,24,-206,-4,-0.3946360153256705,-0.16666666666666666,0.46403467666526294,0.02936928333324449,-39.46360153256705,-16.666666666666664,1,HUN_JHU
Indonesia,2021-07-01,24836,2203108,504,58995,SEARO,275122131,275122131,IDN,IDN,JHU,ID,2203108,58995,149113,103719,3046,2196,45394,850,0.4376633018058408,0.3870673952641166,7.742691242405775,0.15816352379985643,43.76633018058408,38.70673952641166,1,IDN_JHU
India,2021-07-01,46617,30458251,853,400312,SEARO,1339330514,1339330514,IND,IND,JHU,IN,30458251,400312,323806,371652,7002,9820,-47846,-2818,-0.12873871255906064,-0.2869653767820774,3.453815134984672,0.0746855017361095,-12.873871255906064,-28.69653767820774,1,IND_JHU
Ireland,2021-07-01,876,272784,2,5000,EURO,5224884,5224884,IRL,IRL,JHU,IE,272784,5000,2687,2148,11,10,539,1,0.25093109869646185,0.1,7.346711292674494,0.030075855682701692,25.093109869646185,10,1,IRL_JHU
Iran (Islamic Republic of),2021-07-01,14303,3218860,125,84389,EMRO,85888910,85888910,IRN,IRN,JHU,IR,3218860,84389,78731,69703,916,854,9028,62,0.12952096753367862,0.07259953161592506,13.09515479272669,0.1523562737693875,12.952096753367861,7.259953161592506,1,IRN_JHU
Iraq,2021-07-01,7554,1353458,30,17216,EMRO,39650145,39650145,IRQ,IRQ,JHU,IQ,1353458,17216,42365,36464,217,188,5901,29,0.16183084686265906,0.15425531914893617,15.26386059153846,0.07818382505284659,16.183084686265907,15.425531914893616,1,IRQ_JHU
Iceland,2021-07-01,0,6555,0,29,EURO,354234,354234,ISL,ISL,JHU,IS,6555,29,0,0,0,0,0,0,,,0,0,,,1,ISL_JHU
Israel,2021-07-01,290,842067,0,6429,EURO,8787045,8787045,ISR,ISR,JHU,IL,842067,6429,1623,697,0,2,926,-2,1.3285509325681493,-1,2.6386247351315815,0,132.85509325681494,-100,1,ISR_JHU
Italy,2021-07-01,879,4260788,21,127587,EURO,62390364,62390364,ITA,ITA,JHU,IT,4260788,127587,5088,5945,225,172,-857,53,-0.1441547518923465,0.3081395348837209,1.1650150700469433,0.051518944724953275,-14.41547518923465,30.813953488372093,1,ITA_JHU
Jamaica,2021-07-01,42,50166,5,1080,AMRO,2816602,2816602,JAM,JAM,JHU,JM,50166,1080,325,338,31,26,-13,5,-0.038461538461538464,0.19230769230769232,1.6483894930335001,0.15723099779704156,-3.8461538461538463,19.230769230769234,1,JAM_JHU
Jordan,2021-07-01,533,751937,6,9756,EMRO,10909567,10909567,JOR,JOR,JHU,JO,751937,9756,3252,3319,53,68,-67,-15,-0.020186803253992167,-0.22058823529411764,4.258385585527167,0.06940173309745998,-2.0186803253992167,-22.058823529411764,1,JOR_JHU
Japan,2021-07-01,1733,802038,24,14754,WPRO,124687293,124687293,JPN,JPN,JHU,JP,802038,14754,10586,10211,203,274,375,-71,0.036725100381941045,-0.2591240875912409,1.2128627367711915,0.02325818397549139,3.6725100381941047,-25.91240875912409,1,JPN_JHU
Kazakhstan,2021-07-01,2666,485352,3,3533,EURO,19245793,19245793,KAZ,KAZ,JHU,KZ,485352,3533,13854,8703,15,11,5151,4,0.5918648741813168,0.36363636363636365,10.283509009698157,0.01113415873722191,59.186487418131684,36.36363636363637,1,KAZ_JHU
Kenya,2021-07-01,376,184537,6,3640,AFRO,54685051,54685051,KEN,KEN,JHU,KE,184537,3640,3298,3957,102,104,-659,-2,-0.16654030831437958,-0.019230769230769232,0.8615569493440852,0.02664609121682738,-16.654030831437957,-1.9230769230769231,1,KEN_JHU
Kyrgyzstan,2021-07-01,1392,126395,9,2009,EURO,6018789,6018789,KGZ,KGZ,JHU,KG,126395,2009,8289,5329,51,42,2960,9,0.55545130418465,0.21428571428571427,19.674104826450257,0.12104950490396464,55.54513041846501,21.428571428571427,1,KGZ_JHU
Cambodia,2021-07-01,999,51384,26,628,WPRO,17304363,17304363,KHM,KHM,JHU,KH,51384,628,6018,4584,135,113,1434,22,0.31282722513089006,0.19469026548672566,4.968193776993037,0.1114500099524859,31.282722513089006,19.469026548672566,1,KHM_JHU
Kiribati,2021-07-01,0,2,0,0,WPRO,113001,113001,KIR,KIR,JHU,KI,2,0,0,0,0,0,0,0,,,0,0,,,1,KIR_JHU
Saint Kitts and Nevis,2021-07-01,11,457,0,3,AMRO,54149,54149,KNA,KNA,JHU,KN,457,3,32,146,0,2,-114,-2,-0.7808219178082192,-1,8.442313932720035,0,-78.08219178082192,-100,1,KNA_JHU
Republic of Korea,2021-07-01,826,158549,3,2024,WPRO,51715162,51715162,KOR,KOR,JHU,KR,158549,2024,4760,3551,15,13,1209,2,0.34046747395099974,0.15384615384615385,1.3148948465055568,0.004143576196971292,34.04674739509998,15.384615384615385,1,KOR_JHU
Kuwait,2021-07-01,1824,358511,10,1979,EMRO,3032065,3032065,KWT,KWT,JHU,KW,358511,1979,11951,12344,76,61,-393,15,-0.03183732987686325,0.2459016393442623,56.30768846597003,0.3580775101174565,-3.183732987686325,24.59016393442623,1,KWT_JHU
Lao People's Democratic Republic,2021-07-01,23,2144,0,3,WPRO,7574356,7574356,LAO,LAO,JHU,LA,2144,3,64,46,0,0,18,0,0.391304347826087,,0.12070804623993305,0,39.130434782608695,,1,LAO_JHU
Lebanon,2021-07-01,150,545016,3,7854,EMRO,5261372,5261372,LBN,LBN,JHU,LB,545016,7854,1014,903,19,24,111,-5,0.12292358803986711,-0.20833333333333334,2.7532199368746944,0.0515889337284213,12.29235880398671,-20.833333333333336,1,LBN_JHU
Liberia,2021-07-01,211,4304,1,129,AFRO,5214030,5214030,LBR,LBR,JHU,LR,4304,129,1039,469,19,15,570,4,1.2153518123667377,0.26666666666666666,2.8467149484865146,0.05205734746991702,121.53518123667378,26.666666666666668,1,LBR_JHU
Libya,2021-07-01,431,193905,5,3198,EMRO,7017224,7017224,LBY,LBY,JHU,LY,193905,3198,2245,1514,13,15,731,-2,0.48282694848084545,-0.13333333333333333,4.570386889663002,0.02646549201141159,48.282694848084546,-13.333333333333334,1,LBY_JHU
Saint Lucia,2021-07-01,6,5302,0,84,AMRO,166637,166637,LCA,LCA,JHU,LC,5302,84,64,50,0,4,14,-4,0.28,-1,5.486690916697458,0,28.000000000000004,-100,1,LCA_JHU
Liechtenstein,2021-07-01,3,3039,0,59,EURO,39425,39425,LIE,LIE,JHU,LI,3039,59,8,5,0,0,3,0,0.6,,2.898813298306006,0,60,,1,LIE_JHU
Sri Lanka,2021-07-01,1883,260972,43,3120,SEARO,23044123,23044123,LKA,LKA,JHU,LK,260972,3120,12922,14986,306,389,-2064,-83,-0.13772854664353396,-0.2133676092544987,8.01071926234728,0.189698196430759,-13.772854664353396,-21.336760925449873,1,LKA_JHU
Lesotho,2021-07-01,72,11416,0,329,AFRO,2177740,2177740,LSO,LSO,JHU,LS,11416,329,248,218,0,3,30,-3,0.13761467889908258,-1,1.626850378308312,0,13.761467889908257,-100,1,LSO_JHU
Lithuania,2021-07-01,40,278809,1,4384,EURO,2711566,2711566,LTU,LTU,JHU,LT,278809,4384,219,413,9,18,-194,-9,-0.46973365617433416,-0.5,1.1537876741969137,0.04741593181631152,-46.973365617433416,-50,1,LTU_JHU
Luxembourg,2021-07-01,108,70895,0,818,EURO,639589,639589,LUX,LUX,JHU,LU,70895,818,309,83,0,0,226,0,2.7228915662650603,,6.901753648492569,0,272.28915662650604,,1,LUX_JHU
Latvia,2021-07-01,71,137500,7,2520,EURO,1862687,1862687,LVA,LVA,JHU,LV,137500,2520,390,566,20,18,-176,2,-0.31095406360424027,0.1111111111111111,2.9910707335309534,0.15338824274517712,-31.09540636042403,11.11111111111111,1,LVA_JHU
Macau,2021-07-01,0,54,0,0,WPRO,630396,630396,MAC,MAC,JHU,MO,54,0,1,1,0,0,0,0,0,,0.02266149259467745,0,0,,1,MAC_JHU
Morocco,2021-07-01,789,532150,2,9298,EMRO,36561813,36561813,MAR,MAR,JHU,MA,532150,9298,3970,2737,33,40,1233,-7,0.4504932407745707,-0.175,1.5511890976053544,0.012894015169011761,45.04932407745707,-17.5,1,MAR_JHU
Monaco,2021-07-01,3,2580,0,33,EURO,31223,31223,MCO,MCO,JHU,MC,2580,33,18,17,0,0,1,0,0.058823529411764705,,8.235687062193165,0,5.88235294117647,,1,MCO_JHU
Republic of Moldova,2021-07-01,82,256816,0,6194,EURO,3323875,3323875,MDA,MDA,JHU,MD,256816,6194,429,393,14,18,36,-4,0.0916030534351145,-0.2222222222222222,1.8438032202087713,0.0601707344590275,9.16030534351145,-22.22222222222222,1,MDA_JHU
Madagascar,2021-07-01,31,42247,2,915,AFRO,27534354,27534354,MDG,MDG,JHU,MG,42247,915,81,132,10,13,-51,-3,-0.38636363636363635,-0.23076923076923078,0.04202542239207272,0.005188323752107743,-38.63636363636363,-23.076923076923077,1,MDG_JHU
Maldives,2021-07-01,133,73931,3,213,SEARO,390669,390669,MDV,MDV,JHU,MV,73931,213,1253,1322,6,6,-69,0,-0.05219364599092285,0,45.81883896597888,0.2194038577780313,-5.219364599092285,0,1,MDV_JHU
Mexico,2021-07-01,6081,2525350,201,233248,AMRO,130207371,130207371,MEX,MEX,JHU,MX,2525350,233248,32263,25444,1180,1276,6819,-96,0.26800031441597233,-0.07523510971786834,3.5397381612136227,0.12946381397365636,26.800031441597234,-7.523510971786834,1,MEX_JHU
Marshall Islands,2021-07-01,0,4,0,0,WPRO,78831,78831,MHL,MHL,JHU,MH,4,0,0,0,0,0,0,0,,,0,0,,,1,MHL_JHU
North Macedonia,2021-07-01,5,155689,1,5485,EURO,2128262,2128262,MKD,MKD,JHU,MK,155689,5485,34,62,4,9,-28,-5,-0.45161290322580644,-0.5555555555555556,0.22822109576465946,0.02684954067819523,-45.16129032258064,-55.55555555555556,1,MKD_JHU
Mali,2021-07-01,2,14428,0,525,AFRO,20137527,20137527,MLI,MLI,JHU,ML,14428,525,32,32,0,2,0,-2,0,-1,0.022701042543250578,0,0,-100,1,MLI_JHU
Malta,2021-07-01,4,30627,0,420,EURO,460891,460891,MLT,MLT,JHU,MT,30627,420,29,13,0,1,16,-1,1.2307692307692308,-1,0.8988800264828654,0,123.07692307692308,-100,1,MLT_JHU
Myanmar,2021-07-01,2070,159347,13,3347,SEARO,57069099,57069099,MMR,MMR,JHU,MM,159347,3347,8633,3946,72,25,4687,47,1.1877850988342626,1.88,2.161039399422995,0.018023263843212744,118.77850988342627,188,1,MMR_JHU
Montenegro,2021-07-01,20,100272,0,1613,EURO,607414,607414,MNE,MNE,JHU,ME,100272,1613,141,111,4,5,30,-1,0.2702702702702703,-0.2,3.3161660980578556,0.09407563398745689,27.027027027027028,-20,1,MNE_JHU
Mongolia,2021-07-01,4861,120339,29,592,WPRO,3198913,3198913,MNG,MNG,JHU,MN,120339,592,15439,16384,99,82,-945,17,-0.05767822265625,0.2073170731707317,68.94752775619183,0.4421144664721154,-5.767822265625,20.73170731707317,1,MNG_JHU
Mozambique,2021-07-01,801,77205,6,884,AFRO,30888034,30888034,MOZ,MOZ,JHU,MZ,77205,884,3553,1723,21,19,1830,2,1.0621009866511897,0.10526315789473684,1.6432623344413197,0.009712499021465723,106.21009866511896,10.526315789473683,1,MOZ_JHU
Mauritania,2021-07-01,86,20894,0,489,AFRO,4079284,4079284,MRT,MRT,JHU,MR,20894,489,382,259,6,3,123,3,0.4749034749034749,1,1.337769779486512,0.021012090777275057,47.49034749034749,100,1,MRT_JHU
Mauritius,2021-07-01,25,1858,0,18,AFRO,1386129,1386129,MUS,MUS,JHU,MU,1858,18,79,78,0,0,1,0,0.01282051282051282,,0.8141893204538888,0,1.282051282051282,,1,MUS_JHU
Malawi,2021-07-01,233,36359,3,1199,AFRO,20308502,20308502,MWI,MWI,JHU,MW,36359,1199,1140,517,21,14,623,7,1.2050290135396517,0.5,0.8019160785819793,0.014772138289668042,120.50290135396517,50,1,MWI_JHU
Malaysia,2021-07-01,6988,758967,84,5254,WPRO,33519406,33519406,MYS,MYS,JHU,MY,758967,5254,42120,38083,533,519,4037,14,0.10600530420397553,0.02697495183044316,17.95122162111959,0.22716052051416766,10.600530420397552,2.697495183044316,1,MYS_JHU
Namibia,2021-07-01,1291,91208,35,1556,AFRO,2678191,2678191,NAM,NAM,JHU,NA,91208,1556,12485,8611,277,172,3874,105,0.4498896759958193,0.6104651162790697,66.59612509232645,1.477543183866594,44.98896759958193,61.04651162790697,1,NAM_JHU
Niger,2021-07-01,3,5492,0,193,AFRO,23605767,23605767,NER,NER,JHU,NE,5492,193,17,18,0,0,-1,0,-0.05555555555555555,,0.010288042869233727,0,-5.555555555555555,,1,NER_JHU
Nigeria,2021-07-01,74,167692,1,2121,AFRO,219463862,219463862,NGA,NGA,JHU,NG,167692,2121,291,259,3,1,32,2,0.12355212355212356,2,0.018942266026207348,1.9528109305368396e-4,12.355212355212355,200,1,NGA_JHU
Nicaragua,2021-07-01,0,8178,0,191,AMRO,6243931,6243931,NIC,NIC,JHU,NI,8178,191,258,224,2,1,34,1,0.15178571428571427,1,0.5902874784673767,0.004575871926103695,15.178571428571427,100,1,NIC_JHU
Netherlands,2021-07-01,829,1713576,3,18031,EURO,17337403,17337403,NLD,NLD,JHU,NL,1713576,18031,4315,4956,13,17,-641,-4,-0.12933817594834543,-0.23529411764705882,3.5554838947250142,0.010711770714119394,-12.933817594834544,-23.52941176470588,1,NLD_JHU
Norway,2021-07-01,193,131509,0,794,EURO,5509591,5509591,NOR,NOR,JHU,NO,131509,794,1239,1372,2,2,-133,0,-0.09693877551020408,0,3.212579663354322,0.0051857621684492684,-9.693877551020408,0,1,NOR_JHU
Nepal,2021-07-01,1857,640662,33,9145,SEARO,30424878,30424878,NPL,NPL,JHU,NP,640662,9145,11231,13447,227,321,-2216,-94,-0.16479512158845838,-0.29283489096573206,5.273410041047893,0.1065857073562347,-16.47951215884584,-29.283489096573206,1,NPL_JHU
New Zealand,2021-07-01,0,2743,0,26,WPRO,4991442,4991442,NZL,NZL,JHU,NZ,2743,26,17,11,0,0,6,0,0.5454545454545454,,0.048654705966160255,0,54.54545454545454,,1,NZL_JHU
Oman,2021-07-01,1959,270504,40,3140,EMRO,3694755,3694755,OMN,OMN,JHU,OM,270504,3140,13962,13819,292,222,143,70,0.010348071495766699,0.3153153153153153,53.98386167882386,1.129013580448114,1.03480714957667,31.53153153153153,1,OMN_JHU
Pakistan,2021-07-01,1277,959685,24,22345,EMRO,238181034,238181034,PAK,PAK,JHU,PK,959685,22345,6778,6680,193,239,98,-46,0.014670658682634731,-0.19246861924686193,0.4065335085772254,0.011575828733461864,1.4670658682634732,-19.246861924686193,1,PAK_JHU
Panama,2021-07-01,1205,404983,7,6552,AMRO,3928646,3928646,PAN,PAN,JHU,PA,404983,6552,7256,6537,52,42,719,10,0.10998929172403243,0.23809523809523808,26.384953711060465,0.18908731986978283,10.998929172403244,23.809523809523807,1,PAN_JHU
Peru,2021-07-01,5489,2057554,356,192687,AMRO,32201224,32201224,PER,PER,JHU,PE,2057554,192687,21105,16733,1614,1316,4372,298,0.2612801051813781,0.22644376899696048,9.36299812702772,0.7160331190250053,26.128010518137813,22.64437689969605,1,PER_JHU
Philippines,2021-07-01,5778,1418337,135,24797,WPRO,110818325,110818325,PHL,PHL,JHU,PH,1418337,24797,40077,38803,761,760,1274,1,0.03283251295002964,0.0013157894736842105,5.16637091770311,0.09810136158824428,3.2832512950029638,0.13157894736842105,1,PHL_JHU
Palau,2021-07-01,0,0,0,0,WPRO,21613,21613,PLW,PLW,JHU,PW,0,0,0,0,0,0,0,0,,,0,0,,,1,PLW_JHU
Papua New Guinea,2021-07-01,0,17098,0,173,WPRO,7399757,7399757,PNG,PNG,JHU,PG,17098,173,19,280,0,6,-261,-6,-0.9321428571428572,-1,0.036680741195767835,0,-93.21428571428572,-100,1,PNG_JHU
Poland,2021-07-01,98,2880010,23,75044,EURO,38185913,38185913,POL,POL,JHU,PL,2880010,75044,674,1060,127,183,-386,-56,-0.3641509433962264,-0.30601092896174864,0.2521498288798654,0.047511911376473155,-36.41509433962264,-30.601092896174865,1,POL_JHU
Portugal,2021-07-01,2449,882006,5,17101,EURO,10263850,10263850,PRT,PRT,JHU,PT,882006,17101,12127,8251,22,22,3876,0,0.4697612410616895,0,16.87893501394283,0.03062064569198832,46.976124106168946,0,1,PRT_JHU
Paraguay,2021-07-01,1716,424998,122,13017,AMRO,7272639,7272639,PRY,PRY,JHU,PY,424998,13017,11541,12214,931,792,-673,139,-0.05510070411003766,0.1755050505050505,22.670096586868752,1.8287721967225377,-5.510070411003766,17.55050505050505,1,PRY_JHU
"occupied Palestinian territory, including east Jerusalem",2021-07-01,121,314288,2,3565,EMRO,4906308,4906308,PSE,PSE,JHU,PS,314288,3565,1273,681,10,10,592,0,0.869309838472834,0,3.7065985840502242,0.029117035224275133,86.9309838472834,0,1,PSE_JHU
Qatar,2021-07-01,146,222217,1,591,EMRO,2479995,2479995,QAT,QAT,JHU,QA,222217,591,839,1053,4,6,-214,-2,-0.20322886989553657,-0.3333333333333333,4.832959052624818,0.023041521109057533,-20.322886989553655,-33.33333333333333,1,QAT_JHU
Romania,2021-07-01,31,1080823,75,33861,EURO,21230362,21230362,ROU,ROU,JHU,RO,1080823,33861,366,387,1090,656,-21,434,-0.05426356589147287,0.6615853658536586,0.24627801582334907,0.7334509214411215,-5.426356589147287,66.15853658536585,1,ROU_JHU
Russian Federation,2021-07-01,23128,5472722,660,133633,EURO,142320790,142320790,RUS,RUS,JHU,RU,5472722,133633,146782,122823,4355,3425,23959,930,0.19506932740610472,0.27153284671532846,14.733516545865957,0.43714123364749247,19.506932740610473,27.153284671532845,1,RUS_JHU
Rwanda,2021-07-01,867,39914,10,448,AFRO,12943132,12943132,RWA,RWA,JHU,RW,39914,448,5771,4546,46,25,1225,21,0.2694676638803344,0.84,6.369621907808492,0.05077154873664713,26.94676638803344,84,1,RWA_JHU
Saudi Arabia,2021-07-01,0,486106,0,7804,EMRO,34783757,34783757,SAU,SAU,JHU,SA,486106,7804,6716,8667,74,95,-1951,-21,-0.22510672666435907,-0.22105263157894736,2.758266082150273,0.030391853793793958,-22.51067266643591,-22.105263157894736,1,SAU_JHU
Sudan,2021-07-01,0,36658,6,2760,EMRO,46751152,46751152,SDN,SDN,JHU,SD,36658,2760,100,211,10,13,-111,-3,-0.5260663507109005,-0.23076923076923078,0.030556924641588056,0.003055692464158805,-52.60663507109005,-23.076923076923077,1,SDN_JHU
Senegal,2021-07-01,140,43268,2,1168,AFRO,16082442,16082442,SEN,SEN,JHU,SN,43268,1168,591,471,9,1,120,8,0.25477707006369427,8,0.5249735794388155,0.007994521514296683,25.477707006369428,800,1,SEN_JHU
Singapore,2021-07-01,10,62589,0,36,WPRO,5866139,5866139,SGP,SGP,JHU,SG,62589,36,96,127,1,1,-31,0,-0.2440944881889764,0,0.23378726133638691,0.0024352839722540306,-24.409448818897637,0,1,SGP_JHU
Solomon Islands,2021-07-01,0,20,0,0,WPRO,690598,690598,SLB,SLB,JHU,SB,20,0,0,0,0,0,0,0,,,0,0,,,1,SLB_JHU
Sierra Leone,2021-07-01,77,5652,2,102,AFRO,6807277,6807277,SLE,SLE,JHU,SL,5652,102,497,602,15,5,-105,10,-0.1744186046511628,2,1.0430014820904159,0.031478917970535696,-17.441860465116278,200,1,SLE_JHU
El Salvador,2021-07-01,0,78766,6,2387,AMRO,6528135,6528135,SLV,SLV,JHU,SV,78766,2387,1282,989,36,36,293,0,0.29625884732052576,0,2.8054391819847035,0.0787798834254675,29.625884732052576,0,1,SLV_JHU
San Marino,2021-07-01,0,5091,0,90,EURO,34467,34467,SMR,SMR,JHU,SM,5091,90,1,0,0,0,1,0,,,0.41447512941985915,0,,,1,SMR_JHU
Somalia,2021-07-01,0,14946,0,775,EMRO,12094640,12094640,SOM,SOM,JHU,SO,14946,775,71,34,0,0,37,0,1.088235294117647,,0.08386241461388799,0,108.8235294117647,,1,SOM_JHU
Serbia,2021-07-01,81,716643,0,7047,EURO,6974289,6974289,SRB,SRB,JHU,RS,716643,7047,547,654,28,34,-107,-6,-0.1636085626911315,-0.17647058823529413,1.120441913761491,0.05735351660936333,-16.36085626911315,-17.647058823529413,1,SRB_JHU
South Sudan,2021-07-01,12,10846,0,117,AFRO,10984074,10984074,SSD,SSD,JHU,SS,10846,117,34,48,2,0,-14,2,-0.2916666666666667,,0.04421986648253515,0.002601168616619714,-29.166666666666668,,1,SSD_JHU
Sao Tome and Principe,2021-07-01,3,2369,0,37,AFRO,213948,213948,STP,STP,JHU,ST,2369,37,5,6,0,0,-1,0,-0.16666666666666666,,0.33385949589886993,0,-16.666666666666664,,1,STP_JHU
Suriname,2021-07-01,204,21936,9,531,AMRO,614749,614749,SUR,SUR,JHU,SR,21936,531,1213,1362,41,54,-149,-13,-0.10939794419970632,-0.24074074074074073,28.188043296648598,0.952769806399499,-10.939794419970632,-24.074074074074073,1,SUR_JHU
Slovakia,2021-07-01,17,391659,1,12511,EURO,5436066,5436066,SVK,SVK,JHU,SK,391659,12511,203,246,9,38,-43,-29,-0.17479674796747968,-0.7631578947368421,0.5334740233102394,0.023651557683705197,-17.479674796747968,-76.31578947368422,1,SVK_JHU
Slovenia,2021-07-01,23,257358,0,4419,EURO,2102106,2102106,SVN,SVN,JHU,SI,257358,4419,194,380,2,8,-186,-6,-0.48947368421052634,-0.75,1.3184057185644165,0.013591811531591924,-48.94736842105264,-75,1,SVN_JHU
Sweden,2021-07-01,563,1090553,1,14630,EURO,10261767,10261767,SWE,SWE,JHU,SE,1090553,14630,1657,4260,11,45,-2603,-34,-0.6110328638497653,-0.7555555555555555,2.306759505592806,0.015313430634593159,-61.10328638497653,-75.55555555555556,1,SWE_JHU
Eswatini,2021-07-01,0,19084,0,678,AFRO,1113276,1113276,SWZ,SWZ,JHU,SZ,19084,678,137,163,0,2,-26,-2,-0.15950920245398773,-1,1.7580032778420238,0,-15.950920245398773,-100,1,SWZ_JHU
Seychelles,2021-07-01,0,15579,0,68,AFRO,96387,96387,SYC,SYC,JHU,SC,15579,68,959,497,9,4,462,5,0.9295774647887324,1.25,142.13535020282816,1.333908396064081,92.95774647887323,125,1,SYC_JHU
Syrian Arab Republic,2021-07-01,36,25551,3,1879,EMRO,20384316,20384316,SYR,SYR,JHU,SY,25551,1879,264,296,20,27,-32,-7,-0.10810810810810811,-0.25925925925925924,0.18501619438339612,0.014016378362378493,-10.81081081081081,-25.925925925925924,1,SYR_JHU
Chad,2021-07-01,0,4951,0,174,AFRO,17414108,17414108,TCD,TCD,JHU,TD,4951,174,0,7,0,0,-7,0,-1,,0,0,-100,,1,TCD_JHU
Togo,2021-07-01,45,13962,1,130,AFRO,8283189,8283189,TGO,TGO,JHU,TG,13962,130,213,67,2,1,146,1,2.1791044776119404,1,0.36735333974114837,0.0034493271337197027,217.91044776119404,100,1,TGO_JHU
Thailand,2021-07-01,5533,264834,57,2080,SEARO,69480520,69480520,THA,THA,JHU,TH,264834,2080,32187,24923,305,220,7264,85,0.2914576896842274,0.38636363636363635,6.617887800987755,0.06271027990496987,29.145768968422743,38.63636363636363,1,THA_JHU
Tajikistan,2021-07-01,24,13523,0,90,EURO,8990874,8990874,TJK,TJK,JHU,TJ,13523,90,165,50,0,0,115,0,2.3,,0.26217060289609856,0,229.99999999999997,,1,TJK_JHU
Timor-Leste,2021-07-01,56,9278,1,24,SEARO,1413958,1413958,TLS,TLS,JHU,TL,9278,24,389,385,4,1,4,3,0.01038961038961039,3,3.9302036249611776,0.04041340488391957,1.0389610389610389,300,1,TLS_JHU
Trinidad and Tobago,2021-07-01,236,33029,10,857,AMRO,1221047,1221047,TTO,TTO,JHU,TT,33029,857,1600,1473,82,76,127,6,0.08621860149355058,0.07894736842105263,18.71929815735419,0.9593640305644021,8.621860149355058,7.894736842105263,1,TTO_JHU
Tunisia,2021-07-01,6776,426879,106,15065,EMRO,11811335,11811335,TUN,TUN,JHU,TN,426879,15065,31517,18671,659,614,12846,45,0.6880188527663221,0.0732899022801303,38.11955694617561,0.7970551774448624,68.80188527663222,7.32899022801303,1,TUN_JHU
Turkey,2021-07-01,5288,5430940,42,49774,EURO,82482383,82482383,TUR,TUR,JHU,TR,5430940,49774,37692,39095,357,405,-1403,-48,-0.035886942064202586,-0.11851851851851852,6.5281472633634126,0.06183138525471555,-3.5886942064202585,-11.851851851851853,1,TUR_JHU
Taiwan,2021-07-01,49,14853,13,661,Other,23572052,23572052,TWN,TWN,JHU,TW,14853,661,464,805,56,108,-341,-52,-0.4236024844720497,-0.48148148148148145,0.2812046837743031,0.0339384963175883,-42.36024844720497,-48.148148148148145,1,TWN_JHU
United Republic of Tanzania,2021-07-01,0,509,0,21,AFRO,62092761,62092761,TZA,TZA,JHU,TZ,509,21,0,0,0,0,0,0,,,0,0,,,1,TZA_JHU
Uganda,2021-07-01,1057,81034,38,1061,AFRO,44712143,44712143,UGA,UGA,JHU,UG,81034,1061,5497,8322,280,239,-2825,41,-0.3394616678683009,0.17154811715481172,1.7563141947495433,0.0894611559996129,-33.94616678683009,17.154811715481173,1,UGA_JHU
Ukraine,2021-07-01,1120,2301221,63,54644,EURO,43745640,43745640,UKR,UKR,JHU,UA,2301221,54644,6552,6514,278,325,38,-47,0.005833589192508443,-0.14461538461538462,2.139641802017298,0.09078455753370099,0.5833589192508444,-14.461538461538462,1,UKR_JHU
Uruguay,2021-07-01,1250,370600,26,5619,AMRO,3398239,3398239,URY,URY,JHU,UY,370600,5619,8606,13332,206,261,-4726,-55,-0.3544854485448545,-0.210727969348659,36.17840214971847,0.8659947528284924,-35.44854485448545,-21.0727969348659,1,URY_JHU
United States of America,2021-07-01,14463,33679433,305,605019,AMRO,334998398,334998398,USA,USA,JHU,US,33679433,605019,88952,81543,1745,2162,7409,-417,0.09086003703567443,-0.19287696577243293,3.7932803999345013,0.07441400190985817,9.086003703567442,-19.287696577243292,1,USA_JHU
Uzbekistan,2021-07-01,476,111153,4,740,EURO,30842796,30842796,UZB,UZB,JHU,UZ,111153,740,3445,2874,17,10,571,7,0.19867780097425192,0.7,1.5956492956827166,0.007874031357505425,19.867780097425193,70,1,UZB_JHU
Holy See,2021-07-01,0,27,0,0,EURO,1000,1000,VAT,VAT,JHU,VA,27,0,0,0,0,0,0,0,,,0,0,,,1,VAT_JHU
Saint Vincent and the Grenadines,2021-07-01,2,2227,0,12,AMRO,101145,101145,VCT,VCT,JHU,VC,2227,12,11,38,0,0,-27,0,-0.7105263157894737,,1.5536394002951917,0,-71.05263157894737,,1,VCT_JHU
Venezuela (Bolivarian Republic of),2021-07-01,1312,274024,17,3136,AMRO,29069153,29069153,VEN,VEN,JHU,VE,274024,3136,8382,8780,113,117,-398,-4,-0.04533029612756264,-0.03418803418803419,4.119241353294922,0.055532602352937985,-4.533029612756264,-3.418803418803419,1,VEN_JHU
Viet Nam,2021-07-01,675,17727,0,81,WPRO,102789598,102789598,VNM,VNM,JHU,VN,17727,81,3404,2173,9,11,1231,-2,0.5664979291302347,-0.18181818181818182,0.4730884483911633,0.0012508213970389161,56.64979291302347,-18.181818181818183,1,VNM_JHU
Vanuatu,2021-07-01,0,4,0,1,WPRO,303009,303009,VUT,VUT,JHU,VU,4,1,0,0,0,0,0,0,,,0,0,,,1,VUT_JHU
Samoa,2021-07-01,0,3,0,0,WPRO,204898,204898,WSM,WSM,JHU,WS,3,0,0,0,0,0,0,0,,,0,0,,,1,WSM_JHU
Kosovo,2021-07-01,10,107768,0,2262,EURO,1935259,1935259,XKX,XKX,JHU,XK,107768,2262,469,107,2,5,362,-3,3.383177570093458,-0.6,3.462068901371858,0.014763620048494063,338.3177570093458,-60,1,XKX_JHU
Yemen,2021-07-01,3,6923,0,1361,EMRO,30399243,30399243,YEM,YEM,JHU,YE,6923,1361,18,36,5,5,-18,0,-0.5,0,0.008458857253217034,0.002349682570338065,-50,0,1,YEM_JHU
South Africa,2021-07-01,21584,1995556,382,61029,AFRO,56978635,56978635,ZAF,ZAF,JHU,ZA,1995556,61029,118413,91064,1623,1083,27349,540,0.3003272423789862,0.4986149584487535,29.68857161485679,0.40691944069411784,30.032724237898623,49.86149584487535,1,ZAF_JHU
Zambia,2021-07-01,2884,157832,72,2271,AFRO,19077816,19077816,ZMB,ZMB,JHU,ZM,157832,2271,17212,18376,416,330,-1164,86,-0.06334349151066608,0.2606060606060606,12.888567238813618,0.31150615682933214,-6.334349151066608,26.060606060606062,1,ZMB_JHU
Zimbabwe,2021-07-01,1357,51221,19,1808,AFRO,14829988,14829988,ZWE,ZWE,JHU,ZW,51221,1808,6915,3379,99,62,3536,37,1.0464634507250665,0.5967741935483871,6.661213366168219,0.09536661218375324,104.64634507250665,59.67741935483871,1,ZWE_JHU
Other,2021-07-01,0,721,0,15,Other,0,0,OTH,OTH,JHU,OT,721,15,0,0,0,0,0,0,,,,,,,1,OTH_JHU
Aruba,2021-07-01,3,11135,0,107,AMRO,120917,120917,ABW,ABW,WHO,AW,11135,107,19,32,0,0,-13,0,-0.40625,,2.2447511220801992,0,-40.625,,1,ABW_WHO
Afghanistan,2021-07-01,1557,120216,91,4962,EMRO,37466414,37466414,AFG,AFG,WHO,AF,120216,4962,10684,13001,510,610,-2317,-100,-0.17821706022613645,-0.16393442622950818,4.073743791668224,0.194459877737813,-17.821706022613647,-16.39344262295082,1,AFG_WHO
Angola,2021-07-01,167,38849,6,900,AFRO,33642646,33642646,AGO,AGO,WHO,AO,38849,900,847,908,22,31,-61,-9,-0.0671806167400881,-0.2903225806451613,0.3596625544851615,0.009341884532082116,-6.71806167400881,-29.03225806451613,1,AGO_WHO
Anguilla,2021-07-01,0,109,0,0,AMRO,18403,18403,AIA,AIA,WHO,AI,109,0,0,0,0,0,0,0,,,0,0,,,1,AIA_WHO
Albania,2021-07-01,7,132521,0,2456,EURO,3088385,3088385,ALB,ALB,WHO,AL,132521,2456,24,21,1,1,3,0,0.14285714285714285,0,0.1110150265776912,0.004625626107403801,14.285714285714285,0,1,ALB_WHO
Andorra,2021-07-01,11,13911,0,127,EURO,85645,85645,AND,AND,WHO,AD,13911,127,38,37,0,0,1,0,0.02702702702702703,,6.338456919343135,0,2.7027027027027026,,1,AND_WHO
United Arab Emirates,2021-07-01,1747,632907,4,1811,EMRO,9856612,9856612,ARE,ARE,WHO,AE,632907,1811,14759,14187,38,35,572,3,0.04031860153661803,0.08571428571428572,21.391007086700494,0.055075429859382,4.031860153661803,8.571428571428571,1,ARE_WHO
Argentina,2021-07-01,24065,4447701,526,93668,AMRO,45864941,45864941,ARG,ARG,WHO,AR,4447701,93668,148919,126040,3387,3666,22879,-279,0.1815217391304348,-0.07610474631751228,46.38432404642766,1.0549607877117793,18.15217391304348,-7.610474631751228,1,ARG_WHO
Armenia,2021-07-01,126,225221,3,4517,EURO,3011609,3011609,ARM,ARM,WHO,AM,225221,4517,688,533,12,14,155,-2,0.29080675422138835,-0.14285714285714285,3.263561580726923,0.056922585710353316,29.080675422138835,-14.285714285714285,1,ARM_WHO
American Samoa,2021-07-01,0,0,0,0,WPRO,46366,46366,ASM,ASM,WHO,AS,0,0,0,0,0,0,0,0,,,0,0,,,1,ASM_WHO
Antigua and Barbuda,2021-07-01,0,1263,0,42,AMRO,99175,99175,ATG,ATG,WHO,AG,1263,42,0,0,0,0,0,0,,,0,0,,,1,ATG_WHO
Australia,2021-07-01,48,30610,0,910,WPRO,25809973,25809973,AUS,AUS,WHO,AU,30610,910,232,87,0,0,145,0,1.6666666666666667,,0.12841104925935856,0,166.66666666666669,,1,AUS_WHO
Austria,2021-07-01,55,646237,2,10482,EURO,8884864,8884864,AUT,AUT,WHO,AT,646237,10482,637,834,6,12,-197,-6,-0.23621103117505995,-0.5,1.0242137639923357,0.009647225406521217,-23.621103117505996,-50,1,AUT_WHO
Azerbaijan,2021-07-01,86,336047,1,4974,EURO,10282283,10282283,AZE,AZE,WHO,AZ,336047,4974,422,334,9,6,88,3,0.2634730538922156,0.5,0.5863067013980677,0.012504171356830828,26.34730538922156,50,1,AZE_WHO
Burundi,2021-07-01,30,5482,0,8,AFRO,12241065,12241065,BDI,BDI,WHO,BI,5482,8,148,236,0,0,-88,0,-0.3728813559322034,,0.17272073257398063,0,-37.28813559322034,,1,BDI_WHO
Belgium,2021-07-01,0,1085131,0,25173,EURO,11778842,11778842,BEL,BEL,WHO,BE,1085131,25173,1986,2482,19,37,-496,-18,-0.1998388396454472,-0.4864864864864865,2.40867723426705,0.023043739904871074,-19.98388396454472,-48.64864864864865,1,BEL_WHO
Benin,2021-07-01,0,8199,0,104,AFRO,13301694,13301694,BEN,BEN,WHO,BJ,8199,104,29,30,0,1,-1,-1,-0.03333333333333333,-1,0.03114533489386497,0,-3.3333333333333335,-100,1,BEN_WHO
"Bonaire, Sint Eustatius, and Saba",2021-07-01,4,1649,0,17,AMRO,0,0,BES,BES,WHO,BQ,1649,17,14,11,0,0,3,0,0.2727272727272727,,,,27.27272727272727,,1,BES_WHO
Burkina Faso,2021-07-01,2,13481,0,168,AFRO,21382659,21382659,BFA,BFA,WHO,BF,13481,168,8,13,0,1,-5,-1,-0.38461538461538464,-1,0.005344784962698712,0,-38.46153846153847,-100,1,BFA_WHO
Bangladesh,2021-07-01,8301,921559,143,14646,SEARO,164098818,164098818,BGD,BGD,WHO,BD,921559,14646,48624,31848,778,523,16776,255,0.5267520723436323,0.4875717017208413,4.232989487033182,0.06772922468147037,52.67520723436323,48.75717017208413,1,BGD_WHO
Bulgaria,2021-07-01,78,421829,12,18061,EURO,6919180,6919180,BGR,BGR,WHO,BG,421829,18061,490,590,48,56,-100,-8,-0.1694915254237288,-0.14285714285714285,1.0116805748658075,0.09910340325216077,-16.94915254237288,-14.285714285714285,1,BGR_WHO
Bahrain,2021-07-01,184,265827,1,1352,EMRO,1526929,1526929,BHR,BHR,WHO,BH,265827,1352,1720,3153,22,71,-1433,-49,-0.45448778940691403,-0.6901408450704225,16.09205704484529,0.20582863662011416,-45.448778940691405,-69.01408450704226,1,BHR_WHO
Bahamas,2021-07-01,74,12699,0,246,AMRO,352655,352655,BHS,BHS,WHO,BS,12699,246,292,165,2,4,127,-2,0.7696969696969697,-0.5,11.828638673572106,0.08101807310665828,76.96969696969697,-50,1,BHS_WHO
Bosnia and Herzegovina,2021-07-01,18,205022,2,9665,EURO,3824782,3824782,BIH,BIH,WHO,BA,205022,9665,112,180,14,43,-68,-29,-0.37777777777777777,-0.6744186046511628,0.41832449535685956,0.052290561919607445,-37.77777777777778,-67.44186046511628,1,BIH_WHO
Saint Barthélemy,2021-07-01,0,1043,0,1,AMRO,7116,7116,BLM,BLM,WHO,BL,1043,1,3,8,0,0,-5,0,-0.625,,6.022645145748012,0,-62.5,,1,BLM_WHO
Belarus,2021-07-01,914,417189,11,3143,EURO,9441842,9441842,BLR,BLR,WHO,BY,417189,3143,4836,4605,71,66,231,5,0.0501628664495114,0.07575757575757576,7.31697419695376,0.1074245591364179,5.0162866449511405,7.575757575757576,1,BLR_WHO
Belize,2021-07-01,38,13227,0,329,AMRO,405633,405633,BLZ,BLZ,WHO,BZ,13227,329,168,70,0,3,98,-3,1.4,-1,5.916678376759287,0,140,-100,1,BLZ_WHO
Bermuda,2021-07-01,0,2514,0,33,AMRO,72084,72084,BMU,BMU,WHO,BM,2514,33,10,5,0,0,5,0,1,,1.9818148667824045,0,100,,1,BMU_WHO
Bolivia (Plurinational State of),2021-07-01,2055,437623,71,16702,AMRO,11758869,11758869,BOL,BOL,WHO,BO,437623,16702,13145,12801,459,505,344,-46,0.02687290055464417,-0.09108910891089109,15.969708845783918,0.5576338045047408,2.687290055464417,-9.108910891089108,1,BOL_WHO
Brazil,2021-07-01,64903,18513305,1893,515985,AMRO,213445417,213445417,BRA,BRA,WHO,BR,18513305,515985,458652,521432,11268,14021,-62780,-2753,-0.1203992083339726,-0.1963483346408958,30.69717551523455,0.7541573430523859,-12.03992083339726,-19.634833464089578,1,BRA_WHO
Barbados,2021-07-01,2,4081,0,47,AMRO,301865,301865,BRB,BRB,WHO,BB,4081,47,29,14,0,0,15,0,1.0714285714285714,,1.372420500176285,0,107.14285714285714,,1,BRB_WHO
Brunei Darussalam,2021-07-01,0,260,0,3,WPRO,471103,471103,BRN,BRN,WHO,BN,260,3,4,6,0,0,-2,0,-0.3333333333333333,,0.12129588888811393,0,-33.33333333333333,,1,BRN_WHO
Bhutan,2021-07-01,4,2104,0,1,SEARO,857423,857423,BTN,BTN,WHO,BT,2104,1,98,124,0,0,-26,0,-0.20967741935483872,,1.6327996799712627,0,-20.967741935483872,,1,BTN_WHO
Botswana,2021-07-01,0,70071,0,1125,AFRO,2350667,2350667,BWA,BWA,WHO,BW,70071,1125,1684,4366,56,143,-2682,-87,-0.614292258360055,-0.6083916083916084,10.234177302503017,0.34032893642527845,-61.4292258360055,-60.83916083916085,1,BWA_WHO
Central African Republic,2021-07-01,0,7141,0,98,AFRO,5357984,5357984,CAF,CAF,WHO,CF,7141,98,2,38,0,0,-36,0,-0.9473684210526315,,0.005332496060351911,0,-94.73684210526315,,1,CAF_WHO
Canada,2021-07-01,602,1414736,35,26273,AMRO,37943231,37943231,CAN,CAN,WHO,CA,1414736,26273,4530,6113,118,183,-1583,-65,-0.2589563225911991,-0.3551912568306011,1.7055554840410325,0.044427273094225575,-25.89563225911991,-35.51912568306011,1,CAN_WHO
Switzerland,2021-07-01,2,699873,0,10292,EURO,8453550,8453550,CHE,CHE,WHO,CH,699873,10292,550,891,4,10,-341,-6,-0.38271604938271603,-0.6,0.9294489128405057,0.00675962845702186,-38.2716049382716,-60,1,CHE_WHO
Chile,2021-07-01,2128,1555902,56,32545,AMRO,18307925,18307925,CHL,CHL,WHO,CL,1555902,32545,27493,36848,799,824,-9355,-25,-0.25388080764220583,-0.03033980582524272,21.452848580991173,0.6234614635075092,-25.388080764220582,-3.033980582524272,1,CHL_WHO
China,2021-07-01,69,118572,5,5495,WPRO,1397897720,1397897720,CHN,CHN,WHO,CN,118572,5495,693,1026,50,121,-333,-71,-0.32456140350877194,-0.5867768595041323,0.007082063199874165,5.109713708422918e-4,-32.45614035087719,-58.67768595041323,1,CHN_WHO
Côte d’Ivoire,2021-07-01,63,48305,0,313,AFRO,28088455,28088455,CIV,CIV,WHO,CI,48305,313,247,125,4,3,122,1,0.976,0.3333333333333333,0.12562354990943533,0.0020343894722175764,97.6,33.33333333333333,1,CIV_WHO
Cameroon,2021-07-01,0,80858,0,1324,AFRO,28524175,28524175,CMR,CMR,WHO,CM,80858,1324,371,397,4,10,-26,-6,-0.0654911838790932,-0.6,0.18580730205168072,0.0020033132296677163,-6.54911838790932,-60,1,CMR_WHO
Democratic Republic of the Congo,2021-07-01,0,40836,0,924,AFRO,105044646,105044646,COD,COD,WHO,CD,40836,924,2283,2331,33,34,-48,-1,-0.02059202059202059,-0.029411764705882353,0.3104802287047139,0.004487887668530688,-2.0592020592020592,-2.941176470588235,1,COD_WHO
Congo,2021-07-01,99,12695,1,166,AFRO,5417414,5417414,COG,COG,WHO,CG,12695,166,291,106,2,3,185,-1,1.7452830188679245,-0.3333333333333333,0.7673666544854901,0.005273997625329829,174.52830188679243,-33.33333333333333,1,COG_WHO
Cook Islands,2021-07-01,0,0,0,0,WPRO,8327,8327,COK,COK,WHO,CK,0,0,0,0,0,0,0,0,,,0,0,,,1,COK_WHO
Colombia,2021-07-01,25880,4213074,608,105934,AMRO,50355650,50355650,COL,COL,WHO,CO,4213074,105934,216053,194969,4632,4337,21084,295,0.10814026845293355,0.06801936822688494,61.293448273856626,1.314081509650428,10.814026845293355,6.801936822688494,1,COL_WHO
Comoros,2021-07-01,7,4013,0,146,AFRO,864335,864335,COM,COM,WHO,KM,4013,146,28,12,0,0,16,0,1.3333333333333333,,0.46278352722034855,0,133.33333333333331,,1,COM_WHO
Cabo Verde,2021-07-01,67,32524,0,286,AFRO,589451,589451,CPV,CPV,WHO,CV,32524,286,332,409,2,5,-77,-3,-0.1882640586797066,-0.6,8.046228003442428,0.04847125303278572,-18.82640586797066,-60,1,CPV_WHO
Costa Rica,2021-07-01,1857,366161,13,4661,AMRO,5151140,5151140,CRI,CRI,WHO,CR,366161,4661,10541,10308,115,139,233,-24,0.022603802871556073,-0.17266187050359713,29.23347342252672,0.3189307886908806,2.2603802871556073,-17.26618705035971,1,CRI_WHO
Cuba,2021-07-01,2970,190993,14,1284,AMRO,11032343,11032343,CUB,CUB,WHO,CU,190993,1284,18084,10912,91,75,7172,16,0.657258064516129,0.21333333333333335,23.41686232406454,0.11783535011556476,65.7258064516129,21.333333333333336,1,CUB_WHO
Curaçao,2021-07-01,7,12339,0,126,AMRO,151885,151885,CUW,CUW,WHO,CW,12339,126,18,25,1,2,-7,-1,-0.28,-0.5,1.6930102191977952,0.0940561232887664,-28.000000000000004,-50,1,CUW_WHO
Cayman Islands,2021-07-01,0,614,0,2,AMRO,63131,63131,CYM,CYM,WHO,KY,614,2,5,10,0,0,-5,0,-0.5,,1.1314341833421209,0,-50,,1,CYM_WHO
Cyprus,2021-07-01,429,75860,0,374,EURO,1281506,1281506,CYP,CYP,WHO,CY,75860,374,1861,620,0,0,1241,0,2.0016129032258063,,20.74568069577067,0,200.16129032258064,,1,CYP_WHO
Czechia,2021-07-01,148,1667435,1,30304,EURO,10702596,10702596,CZE,CZE,WHO,CZ,1667435,30304,914,861,13,34,53,-21,0.06155632984901278,-0.6176470588235294,1.2199977329932716,0.01735226534891962,6.155632984901278,-61.76470588235294,1,CZE_WHO
Germany,2021-07-01,892,3729033,63,90938,EURO,79903481,79903481,DEU,DEU,WHO,DE,3729033,90938,4227,5851,322,437,-1624,-115,-0.2775593915569988,-0.2631578947368421,0.7557332112441295,0.05756945683004724,-27.75593915569988,-26.31578947368421,1,DEU_WHO
Djibouti,2021-07-01,0,11602,0,155,EMRO,938413,938413,DJI,DJI,WHO,DJ,11602,155,5,20,0,1,-15,-1,-0.75,-1,0.07611634901538175,0,-75,-100,1,DJI_WHO
Dominica,2021-07-01,0,193,0,0,AMRO,74584,74584,DMA,DMA,WHO,DM,193,0,1,1,0,0,0,0,0,,0.19153859119535402,0,0,,1,DMA_WHO
Denmark,2021-07-01,340,293677,0,2534,EURO,5894687,5894687,DNK,DNK,WHO,DK,293677,2534,1498,1493,3,4,5,-1,0.003348961821835231,-0.25,3.630387839082889,0.007270469637682689,0.33489618218352313,-25,1,DNK_WHO
Dominican Republic,2021-07-01,857,325221,7,3822,AMRO,10597348,10597348,DOM,DOM,WHO,DO,325221,3822,5967,7421,49,47,-1454,2,-0.19593046759196875,0.0425531914893617,8.043791441298062,0.06605426187759428,-19.593046759196874,4.25531914893617,1,DOM_WHO
Algeria,2021-07-01,397,139626,8,3716,AFRO,43576691,43576691,DZA,DZA,WHO,DZ,139626,3716,2577,2591,56,62,-14,-6,-0.005403319181783096,-0.0967741935483871,0.8448159984034977,0.0183584384596802,-0.5403319181783096,-9.67741935483871,1,DZA_WHO
Ecuador,2021-07-01,1015,458504,15,21560,AMRO,17093159,17093159,ECU,ECU,WHO,EC,458504,21560,9397,7927,193,214,1470,-21,0.18544215970732938,-0.09813084112149532,7.853601381866111,0.161300954208807,18.54421597073294,-9.813084112149532,1,ECU_WHO
Egypt,2021-07-01,251,281282,21,16169,EMRO,106437241,106437241,EGY,EGY,WHO,EG,281282,16169,2521,3751,202,244,-1230,-42,-0.3279125566515596,-0.1721311475409836,0.33836169911888,0.027111885451016955,-32.79125566515596,-17.21311475409836,1,EGY_WHO
Eritrea,2021-07-01,73,6009,0,23,AFRO,6147398,6147398,ERI,ERI,WHO,ER,6009,23,406,495,2,4,-89,-2,-0.1797979797979798,-0.5,0.9434886109537725,0.00464772714755553,-17.97979797979798,-50,1,ERI_WHO
Spain,2021-07-01,4949,3808960,2,80875,EURO,47260584,47260584,ESP,ESP,WHO,ES,3808960,80875,31951,23646,61,98,8305,-37,0.35122219402858834,-0.37755102040816324,9.658002896088993,0.018438802436901148,35.12221940285883,-37.755102040816325,1,ESP_WHO
Estonia,2021-07-01,21,131085,0,1269,EURO,1220042,1220042,EST,EST,WHO,EE,131085,1269,187,203,0,2,-16,-2,-0.07881773399014778,-1,2.1896201699847806,0,-7.8817733990147785,-100,1,EST_WHO
Ethiopia,2021-07-01,0,276037,0,4320,AFRO,110871031,110871031,ETH,ETH,WHO,ET,276037,4320,535,901,28,32,-366,-4,-0.40621531631520535,-0.125,0.06893466285938248,0.00360779543936955,-40.62153163152053,-12.5,1,ETH_WHO
Finland,2021-07-01,222,95964,1,973,EURO,5587442,5587442,FIN,FIN,WHO,FI,95964,973,1368,570,1,5,798,-4,1.4,-0.8,3.4976393746650336,0.0025567539288487086,140,-80,1,FIN_WHO
Fiji,2021-07-01,274,4418,0,21,WPRO,939535,939535,FJI,FJI,WHO,FJ,4418,21,1878,1098,8,8,780,0,0.7103825136612022,0,28.55515912506871,0.12164072044757704,71.03825136612022,0,1,FJI_WHO
Falkland Islands (Malvinas),2021-07-01,0,60,0,0,AMRO,3198,3198,FLK,FLK,WHO,FK,60,0,0,0,0,0,0,0,,,0,0,,,1,FLK_WHO
France,2021-07-01,2457,5664630,25,110162,EURO,68084217,68084217,FRA,FRA,WHO,FR,5664630,110162,11050,12599,204,269,-1549,-65,-0.12294626557663306,-0.241635687732342,2.3185570725905955,0.0428041305709033,-12.294626557663307,-24.1635687732342,1,FRA_WHO
Faroe Islands,2021-07-01,1,776,0,1,EURO,51943,51943,FRO,FRO,WHO,FO,776,1,6,12,0,0,-6,0,-0.5,,1.6501604781064956,0,-50,,1,FRO_WHO
Micronesia (Federated States of),2021-07-01,0,0,0,0,WPRO,101675,101675,FSM,FSM,WHO,FM,0,0,0,0,0,0,0,0,,,0,0,,,1,FSM_WHO
Gabon,2021-07-01,0,24984,0,159,AFRO,2284912,2284912,GAB,GAB,WHO,GA,24984,159,26,222,0,3,-196,-3,-0.8828828828828829,-1,0.16255705752719204,0,-88.28828828828829,-100,1,GAB_WHO
The United Kingdom,2021-07-01,25606,4800911,14,128140,EURO,66052076,66052076,GBR,GBR,WHO,GB,4800911,128140,133037,78056,113,101,54981,12,0.7043789074510608,0.1188118811881188,28.773184531377503,0.024439590881075623,70.43789074510607,11.881188118811881,1,GBR_WHO
Georgia,2021-07-01,980,367058,11,5327,EURO,4933674,4933674,GEO,GEO,WHO,GE,367058,5327,5574,4564,99,114,1010,-15,0.22129710780017528,-0.13157894736842105,16.139812121467983,0.2866597416622408,22.12971078001753,-13.157894736842104,1,GEO_WHO
Guernsey,2021-07-01,0,837,0,17,EURO,67334,67334,GGY,GGY,WHO,GG,837,17,9,3,0,0,6,0,2,,1.9094577564295687,0,200,,1,GGY_WHO
Ghana,2021-07-01,272,95914,1,796,AFRO,32372889,32372889,GHA,GHA,WHO,GH,95914,796,678,412,2,4,266,-2,0.6456310679611651,-0.5,0.2991921507442319,8.825727160596811e-4,64.56310679611651,-50,1,GHA_WHO
Gibraltar,2021-07-01,2,4348,0,94,EURO,29516,29516,GIB,GIB,WHO,GI,4348,94,25,11,0,0,14,0,1.2727272727272727,,12.099974832052348,0,127.27272727272727,,1,GIB_WHO
Guinea,2021-07-01,17,23770,2,171,AFRO,12877894,12877894,GIN,GIN,WHO,GN,23770,171,191,181,3,1,10,2,0.055248618784530384,2,0.21188025220361564,0.0033279620764965806,5.524861878453039,200,1,GIN_WHO
Guadeloupe,2021-07-01,0,17539,0,267,AMRO,0,0,GLP,GLP,WHO,GP,17539,267,112,139,1,1,-27,0,-0.19424460431654678,0,,,-19.424460431654676,0,1,GLP_WHO
Gambia,2021-07-01,0,6079,0,181,AFRO,2221301,2221301,GMB,GMB,WHO,GM,6079,181,25,30,0,0,-5,0,-0.16666666666666666,,0.16078093745190641,0,-16.666666666666664,,1,GMB_WHO
Guinea-Bissau,2021-07-01,6,3859,0,69,AFRO,1976187,1976187,GNB,GNB,WHO,GW,3859,69,20,29,0,0,-9,0,-0.3103448275862069,,0.14457856757193813,0,-31.03448275862069,,1,GNB_WHO
Equatorial Guinea,2021-07-01,0,8734,0,121,AFRO,857008,857008,GNQ,GNQ,WHO,GQ,8734,121,26,46,1,0,-20,1,-0.43478260869565216,,0.43340152183943603,0.01666928930151677,-43.47826086956522,,1,GNQ_WHO
Greece,2021-07-01,627,422456,11,12706,EURO,10569703,10569703,GRC,GRC,WHO,GR,422456,12706,3001,2714,111,117,287,-6,0.10574797347089167,-0.05128205128205128,4.056067476203312,0.15002448845670366,10.574797347089167,-5.128205128205128,1,GRC_WHO
Grenada,2021-07-01,0,162,0,1,AMRO,113570,113570,GRD,GRD,WHO,GD,162,1,1,0,0,0,1,0,,,0.12578774575780827,0,,,1,GRD_WHO
Greenland,2021-07-01,0,50,0,0,EURO,57799,57799,GRL,GRL,WHO,GL,50,0,0,1,0,0,-1,0,-1,,0,0,-100,,1,GRL_WHO
Guatemala,2021-07-01,909,293583,68,9215,AMRO,17422821,17422821,GTM,GTM,WHO,GT,293583,9215,10870,7511,430,258,3359,172,0.44721075755558515,0.6666666666666666,8.91277677051921,0.35257534602789886,44.721075755558516,66.66666666666666,1,GTM_WHO
French Guiana,2021-07-01,121,27536,0,145,AMRO,0,0,GUF,GUF,WHO,GF,27536,145,704,689,3,6,15,-3,0.02177068214804064,-0.5,,,2.1770682148040637,-50,1,GUF_WHO
Guam,2021-07-01,4,8096,0,140,WPRO,168801,168801,GUM,GUM,WHO,GU,8096,140,42,45,1,0,-3,1,-0.06666666666666667,,3.5544813123145005,0.08463050743605954,-6.666666666666667,,1,GUM_WHO
Guyana,2021-07-01,68,19959,2,468,AMRO,787971,787971,GUY,GUY,WHO,GY,19959,468,725,704,16,15,21,1,0.029829545454545456,0.06666666666666667,13.144066034337376,0.2900759400681352,2.9829545454545454,6.666666666666667,1,GUY_WHO
Honduras,2021-07-01,1738,262069,58,6980,AMRO,9346277,9346277,HND,HND,WHO,HN,262069,6980,6952,5999,162,144,953,18,0.15885980996832805,0.125,10.62607985129113,0.24761578479706028,15.885980996832805,12.5,1,HND_WHO
Croatia,2021-07-01,103,359975,3,8209,EURO,4208973,4208973,HRV,HRV,WHO,HR,359975,8209,572,485,17,27,87,-10,0.17938144329896907,-0.37037037037037035,1.9414305036949797,0.057699857627298366,17.938144329896907,-37.03703703703704,1,HRV_WHO
Haiti,2021-07-01,0,18658,0,436,AMRO,11198240,11198240,HTI,HTI,WHO,HT,18658,436,722,970,36,35,-248,1,-0.2556701030927835,0.02857142857142857,0.9210631058349986,0.04592558422445977,-25.56701030927835,2.857142857142857,1,HTI_WHO
Hungary,2021-07-01,32,808160,0,29907,EURO,9728337,9728337,HUN,HUN,WHO,HU,808160,29907,316,522,19,24,-206,-5,-0.3946360153256705,-0.20833333333333334,0.46403467666526294,0.027900819166582266,-39.46360153256705,-20.833333333333336,1,HUN_WHO
Indonesia,2021-07-01,24836,2203108,504,58995,SEARO,275122131,275122131,IDN,IDN,WHO,ID,2203108,58995,149113,103719,3046,2196,45394,850,0.4376633018058408,0.3870673952641166,7.742691242405775,0.15816352379985643,43.76633018058408,38.70673952641166,1,IDN_WHO
Isle of Man,2021-07-01,3,1612,0,29,EURO,90895,90895,IMN,IMN,WHO,IM,1612,29,9,4,0,0,5,0,1.25,,1.4145049625549104,0,125,,1,IMN_WHO
India,2021-07-01,48786,30411634,1005,399459,SEARO,1339330514,1339330514,IND,IND,WHO,IN,30411634,399459,328856,382465,7478,10078,-53609,-2600,-0.1401670741113566,-0.2579876959714229,3.50767999984719,0.079762665236022115,-14.016707411135659,-25.79876959714229,1,IND_WHO
Ireland,2021-07-01,452,271908,9,4998,EURO,5224884,5224884,IRL,IRL,WHO,IE,271908,4998,2575,2267,9,10,308,-1,0.13586237318041464,-0.1,7.040484398450624,0.02460751828584684,13.586237318041464,-10,1,IRL_WHO
Iran (Islamic Republic of),2021-07-01,11748,3204557,137,84264,EMRO,85888910,85888910,IRN,IRN,WHO,IR,3204557,84264,76162,68260,935,849,7902,86,0.11576325813067682,0.10129564193168433,12.667858649371281,0.15551650215543378,11.576325813067683,10.129564193168433,1,IRN_WHO
Iraq,2021-07-01,7300,1345904,30,17186,EMRO,39650145,39650145,IRQ,IRQ,WHO,IQ,1345904,17186,40904,35560,218,187,5344,31,0.150281214848144,0.1657754010695187,14.737470875399252,0.07854411917751408,15.028121484814399,16.577540106951872,1,IRQ_WHO
Iceland,2021-07-01,0,6649,0,30,EURO,354234,354234,ISL,ISL,WHO,IS,6649,30,19,8,0,0,11,0,1.375,,0.7662408787089082,0,137.5,,1,ISL_WHO
Israel,2021-07-01,289,841899,0,6429,EURO,8787045,8787045,ISR,ISR,WHO,IL,841899,6429,1416,735,0,1,681,-1,0.926530612244898,-1,2.3020903419262595,0,92.65306122448979,-100,1,ISR_WHO
Italy,2021-07-01,776,4259909,24,127566,EURO,62390364,62390364,ITA,ITA,WHO,IT,4259909,127566,4475,7002,214,199,-2527,15,-0.36089688660382746,0.07537688442211055,1.024654567307404,0.04900024076062221,-36.08968866038275,7.537688442211055,1,ITA_WHO
Jamaica,2021-07-01,44,50124,10,1075,AMRO,2816602,2816602,JAM,JAM,WHO,JM,50124,1075,329,366,33,30,-37,3,-0.10109289617486339,0.1,1.6686773637169896,0.16737493313878618,-10.10928961748634,10,1,JAM_WHO
Jersey,2021-07-01,29,3485,0,69,EURO,101476,101476,JEY,JEY,WHO,JE,3485,69,163,31,0,0,132,0,4.258064516129032,,22.947016324760817,0,425.8064516129032,,1,JEY_WHO
Jordan,2021-07-01,518,751404,7,9750,EMRO,10909567,10909567,JOR,JOR,WHO,JO,751404,9750,3301,3259,57,71,42,-14,0.012887388769561215,-0.19718309859154928,4.322549451975762,0.07463959974632488,1.2887388769561214,-19.718309859154928,1,JOR_WHO
Japan,2021-07-01,1819,799978,41,14781,WPRO,124687293,124687293,JPN,JPN,WHO,JP,799978,14781,10538,10102,228,284,436,-56,0.04315977034250643,-0.19718309859154928,1.207363264698169,0.026122492346857325,4.315977034250643,-19.718309859154928,1,JPN_WHO
Kazakhstan,2021-07-01,0,482686,0,7759,EURO,19245793,19245793,KAZ,KAZ,WHO,KZ,482686,7759,11188,8703,93,80,2485,13,0.2855337240032173,0.1625,8.30459786346925,0.06903178417077585,28.55337240032173,16.25,1,KAZ_WHO
Kenya,2021-07-01,558,184161,13,3634,AFRO,54685051,54685051,KEN,KEN,WHO,KE,184161,3634,3663,3876,120,86,-213,34,-0.05495356037151703,0.3953488372093023,0.9569081581101831,0.0313483426080322,-5.495356037151703,39.53488372093023,1,KEN_WHO
Kyrgyzstan,2021-07-01,1392,126395,9,2009,EURO,6018789,6018789,KGZ,KGZ,WHO,KG,126395,2009,8289,5329,51,42,2960,9,0.55545130418465,0.21428571428571427,19.674104826450257,0.12104950490396464,55.54513041846501,21.428571428571427,1,KGZ_WHO
Cambodia,2021-07-01,1130,50385,27,602,WPRO,17304363,17304363,KHM,KHM,WHO,KH,50385,602,5674,4554,127,107,1120,20,0.24593763724198506,0.18691588785046728,4.684202640521518,0.10484556491826451,24.593763724198507,18.69158878504673,1,KHM_WHO
Kiribati,2021-07-01,0,0,0,0,WPRO,113001,113001,KIR,KIR,WHO,KI,0,0,0,0,0,0,0,0,,,0,0,,,1,KIR_WHO
Saint Kitts and Nevis,2021-07-01,4,443,0,3,AMRO,54149,54149,KNA,KNA,WHO,KN,443,3,66,133,0,3,-67,-3,-0.5037593984962406,-1,17.41227248623507,0,-50.37593984962406,-100,1,KNA_WHO
Republic of Korea,2021-07-01,762,157723,3,2021,WPRO,51715162,51715162,KOR,KOR,WHO,KR,157723,2021,4568,3424,13,14,1144,-1,0.3341121495327103,-0.07142857142857142,1.2618570711843242,0.0035910993707084535,33.41121495327103,-7.142857142857142,1,KOR_WHO
Kuwait,2021-07-01,1836,356687,8,1969,EMRO,3032065,3032065,KWT,KWT,WHO,KW,356687,1969,11888,12229,75,57,-341,18,-0.02788453675688936,0.3157894736842105,56.01086105626741,0.35336596393170044,-2.788453675688936,31.57894736842105,1,KWT_WHO
Lao People's Democratic Republic,2021-07-01,11,2121,0,3,WPRO,7574356,7574356,LAO,LAO,WHO,LA,2121,3,45,43,0,0,2,0,0.046511627906976744,,0.08487284501245293,0,4.651162790697675,,1,LAO_WHO
Lebanon,2021-07-01,161,544866,3,7851,EMRO,5261372,5261372,LBN,LBN,WHO,LB,544866,7851,1001,931,19,24,70,-5,0.07518796992481203,-0.20833333333333334,2.7179222453763012,0.0515889337284213,7.518796992481203,-20.833333333333336,1,LBN_WHO
Liberia,2021-07-01,193,4093,1,128,AFRO,5214030,5214030,LBR,LBR,WHO,LR,4093,128,828,536,18,15,292,3,0.5447761194029851,0.2,2.2686044055311205,0.049317487076763485,54.47761194029851,20,1,LBR_WHO
Libya,2021-07-01,236,193474,2,3193,EMRO,7017224,7017224,LBY,LBY,WHO,LY,193474,3193,1998,1591,10,17,407,-7,0.2558139534883721,-0.4117647058823529,4.067542541446182,0.02035807077800892,25.581395348837212,-41.17647058823529,1,LBY_WHO
Saint Lucia,2021-07-01,8,5292,0,84,AMRO,166637,166637,LCA,LCA,WHO,LC,5292,84,65,41,0,4,24,-4,0.5853658536585366,-1,5.5724204622708555,0,58.536585365853654,-100,1,LCA_WHO
Liechtenstein,2021-07-01,0,3131,0,58,EURO,39425,39425,LIE,LIE,WHO,LI,3131,58,6,6,0,0,0,0,0,,2.174109973729504,0,0,,1,LIE_WHO
Sri Lanka,2021-07-01,1883,260972,43,3063,SEARO,23044123,23044123,LKA,LKA,WHO,LK,260972,3063,12922,14986,306,389,-2064,-83,-0.13772854664353396,-0.2133676092544987,8.01071926234728,0.189698196430759,-13.772854664353396,-21.336760925449873,1,LKA_WHO
Lesotho,2021-07-01,72,11416,0,329,AFRO,2177740,2177740,LSO,LSO,WHO,LS,11416,329,248,218,0,3,30,-3,0.13761467889908258,-1,1.626850378308312,0,13.761467889908257,-100,1,LSO_WHO
Lithuania,2021-07-01,40,278809,1,4384,EURO,2711566,2711566,LTU,LTU,WHO,LT,278809,4384,219,413,9,18,-194,-9,-0.46973365617433416,-0.5,1.1537876741969137,0.04741593181631152,-46.973365617433416,-50,1,LTU_WHO
Luxembourg,2021-07-01,92,70787,0,818,EURO,639589,639589,LUX,LUX,WHO,LU,70787,818,240,62,0,0,178,0,2.870967741935484,,5.360585358052481,0,287.0967741935484,,1,LUX_WHO
Latvia,2021-07-01,100,137429,5,2513,EURO,1862687,1862687,LVA,LVA,WHO,LV,137429,2513,352,674,16,22,-322,-6,-0.47774480712166173,-0.2727272727272727,2.699633072315117,0.12271059419614168,-47.774480712166174,-27.27272727272727,1,LVA_WHO
Saint Martin,2021-07-01,0,2367,0,27,AMRO,0,0,MAF,MAF,WHO,MF,2367,27,53,86,1,1,-33,0,-0.38372093023255816,0,,,-38.372093023255815,0,1,MAF_WHO
Morocco,2021-07-01,776,531361,4,9296,EMRO,36561813,36561813,MAR,MAR,WHO,MA,531361,9296,3665,2721,42,33,944,9,0.3469312752664462,0.2727272727272727,1.432017139225094,0.016410564760560426,34.693127526644616,27.27272727272727,1,MAR_WHO
Monaco,2021-07-01,1,2577,0,33,EURO,31223,31223,MCO,MCO,WHO,MC,2577,33,20,18,0,0,2,0,0.1111111111111111,,9.150763402436848,0,11.11111111111111,,1,MCO_WHO
Republic of Moldova,2021-07-01,65,256734,3,6194,EURO,3323875,3323875,MDA,MDA,WHO,MD,256734,6194,410,387,16,19,23,-3,0.059431524547803614,-0.15789473684210525,1.7621429377286624,0.06876655366745998,5.943152454780361,-15.789473684210526,1,MDA_WHO
Madagascar,2021-07-01,0,42194,0,909,AFRO,27534354,27534354,MDG,MDG,WHO,MG,42194,909,33,163,4,13,-130,-9,-0.7975460122699386,-0.6923076923076923,0.017121468381955555,0.0020753295008430974,-79.75460122699386,-69.23076923076923,1,MDG_WHO
Maldives,2021-07-01,133,73931,3,213,SEARO,390669,390669,MDV,MDV,WHO,MV,73931,213,1253,1322,6,6,-69,0,-0.05219364599092285,0,45.81883896597888,0.2194038577780313,-5.219364599092285,0,1,MDV_WHO
Mexico,2021-07-01,5711,2513164,195,232803,AMRO,130207371,130207371,MEX,MEX,WHO,MX,2513164,232803,30380,23183,1298,1077,7197,221,0.31044299702368117,0.2051996285979573,3.333144634338712,0.14241019537102198,31.044299702368118,20.51996285979573,1,MEX_WHO
Marshall Islands,2021-07-01,0,4,0,0,WPRO,78831,78831,MHL,MHL,WHO,MH,4,0,0,0,0,0,0,0,,,0,0,,,1,MHL_WHO
North Macedonia,2021-07-01,2,155684,0,5484,EURO,2128262,2128262,MKD,MKD,WHO,MK,155684,5484,39,62,6,6,-23,0,-0.3709677419354839,0,0.26178302161240347,0.04027431101729285,-37.096774193548384,0,1,MKD_WHO
Mali,2021-07-01,4,14427,0,525,AFRO,20137527,20137527,MLI,MLI,WHO,ML,14427,525,35,32,0,2,3,-2,0.09375,-1,0.024829265281680318,0,9.375,-100,1,MLI_WHO
Malta,2021-07-01,4,30627,0,420,EURO,460891,460891,MLT,MLT,WHO,MT,30627,420,32,10,0,1,22,-1,2.2,-1,0.9918676154293686,0,220.00000000000003,-100,1,MLT_WHO
Myanmar,2021-07-01,2070,159347,13,3347,SEARO,57069099,57069099,MMR,MMR,WHO,MM,159347,3347,8633,3946,72,25,4687,47,1.1877850988342626,1.88,2.161039399422995,0.018023263843212744,118.77850988342627,188,1,MMR_WHO
Montenegro,2021-07-01,0,100243,0,1610,EURO,607414,607414,MNE,MNE,WHO,ME,100243,1610,107,109,1,5,-2,-4,-0.01834862385321101,-0.8,2.516523209164472,0.02351890849686422,-1.834862385321101,-80,1,MNE_WHO
Mongolia,2021-07-01,2246,115478,15,563,WPRO,3198913,3198913,MNG,MNG,WHO,MN,115478,563,15215,17135,94,80,-1920,14,-0.11205135687189963,0.175,67.94718795326501,0.41978545301392783,-11.205135687189962,17.5,1,MNG_WHO
Northern Mariana Islands (Commonwealth of the),2021-07-01,0,183,0,2,WPRO,51659,51659,MNP,MNP,WHO,MP,183,2,0,0,0,0,0,0,,,0,0,,,1,MNP_WHO
Mozambique,2021-07-01,576,76404,6,878,AFRO,30888034,30888034,MOZ,MOZ,WHO,MZ,76404,878,3193,1447,21,13,1746,8,1.2066344160331721,0.6153846153846154,1.4767623512161931,0.009712499021465723,120.66344160331721,61.53846153846154,1,MOZ_WHO
Mauritania,2021-07-01,61,20808,2,489,AFRO,4079284,4079284,MRT,MRT,WHO,MR,20808,489,393,216,7,3,177,4,0.8194444444444444,1.3333333333333333,1.3762919459115164,0.024514105906820904,81.94444444444444,133.33333333333331,1,MRT_WHO
Montserrat,2021-07-01,0,20,0,1,AMRO,5387,5387,MSR,MSR,WHO,MS,20,1,0,0,0,0,0,0,,,0,0,,,1,MSR_WHO
Martinique,2021-07-01,0,12286,0,98,AMRO,0,0,MTQ,MTQ,WHO,MQ,12286,98,87,69,0,0,18,0,0.2608695652173913,,,,26.08695652173913,,1,MTQ_WHO
Mauritius,2021-07-01,0,1898,0,18,AFRO,1386129,1386129,MUS,MUS,WHO,MU,1898,18,53,116,0,0,-63,0,-0.5431034482758621,,0.5462282782791912,0,-54.310344827586206,,1,MUS_WHO
Malawi,2021-07-01,229,36126,2,1196,AFRO,20308502,20308502,MWI,MWI,WHO,MW,36126,1196,1011,465,19,14,546,5,1.1741935483870967,0.35714285714285715,0.7111729433740185,0.013365267976366325,117.41935483870967,35.714285714285715,1,MWI_WHO
Malaysia,2021-07-01,6276,751979,62,5170,WPRO,33519406,33519406,MYS,MYS,WHO,MY,751979,5170,40973,37980,533,495,2993,38,0.07880463401790416,0.07676767676767676,17.462379000050642,0.22716052051416766,7.880463401790417,7.6767676767676765,1,MYS_WHO
Mayotte,2021-07-01,0,19412,0,174,AFRO,0,0,MYT,MYT,WHO,YT,19412,174,10,24,0,1,-14,-1,-0.5833333333333334,-1,,,-58.333333333333336,-100,1,MYT_WHO
Namibia,2021-07-01,1364,89917,54,1521,AFRO,2678191,2678191,NAM,NAM,WHO,NA,89917,1521,12584,10312,297,184,2272,113,0.22032583397982933,0.6141304347826086,67.12420009305855,1.584225002196312,22.032583397982933,61.41304347826087,1,NAM_WHO
New Caledonia,2021-07-01,0,129,0,0,WPRO,293608,293608,NCL,NCL,WHO,NC,129,0,0,1,0,0,-1,0,-1,,0,0,-100,,1,NCL_WHO
Niger,2021-07-01,1,5489,0,193,AFRO,23605767,23605767,NER,NER,WHO,NE,5489,193,17,17,0,1,0,-1,0,-1,0.010288042869233727,0,0,-100,1,NER_WHO
Nigeria,2021-07-01,75,167618,0,2120,AFRO,219463862,219463862,NGA,NGA,WHO,NG,167618,2120,287,236,2,1,51,1,0.21610169491525424,1,0.018681891235469098,1.3018739536912265e-4,21.610169491525426,100,1,NGA_WHO
Nicaragua,2021-07-01,0,6604,0,191,AMRO,6243931,6243931,NIC,NIC,WHO,NI,6604,191,202,159,1,1,43,0,0.27044025157232704,0,0.46216306453647327,0.0022879359630518475,27.044025157232703,0,1,NIC_WHO
Niue,2021-07-01,0,0,0,0,WPRO,2000,2000,NIU,NIU,WHO,NU,0,0,0,0,0,0,0,0,,,0,0,,,1,NIU_WHO
Netherlands,2021-07-01,657,1685000,0,17745,EURO,17337403,17337403,NLD,NLD,WHO,NL,1685000,17745,4178,5304,11,17,-1126,-6,-0.21229260935143288,-0.35294117647058826,3.442598311045448,0.009063805988870256,-21.229260935143287,-35.294117647058826,1,NLD_WHO
Norway,2021-07-01,279,131315,0,794,EURO,5509591,5509591,NOR,NOR,WHO,NO,131315,794,1549,1268,2,2,281,0,0.221608832807571,0,4.016372799463959,0.0051857621684492684,22.160883280757098,0,1,NOR_WHO
Nepal,2021-07-01,1857,640662,33,9145,SEARO,30424878,30424878,NPL,NPL,WHO,NP,640662,9145,11231,13447,227,321,-2216,-94,-0.16479512158845838,-0.29283489096573206,5.273410041047893,0.1065857073562347,-16.47951215884584,-29.283489096573206,1,NPL_WHO
Nauru,2021-07-01,0,0,0,0,WPRO,9770,9770,NRU,NRU,WHO,NR,0,0,0,0,0,0,0,0,,,0,0,,,1,NRU_WHO
New Zealand,2021-07-01,0,2383,0,26,WPRO,4991442,4991442,NZL,NZL,WHO,NZ,2383,26,16,10,0,0,6,0,0.6,,0.04579266443873906,0,60,,1,NZL_WHO
Oman,2021-07-01,2009,268545,44,3100,EMRO,3694755,3694755,OMN,OMN,WHO,OM,268545,3100,13889,13948,284,225,-59,59,-0.0042299971322053345,0.26222222222222225,53.701608283711835,1.0980817015317275,-0.4229997132205334,26.222222222222225,1,OMN_WHO
Pakistan,2021-07-01,979,957371,27,22281,EMRO,238181034,238181034,PAK,PAK,WHO,PK,957371,22281,6603,6703,208,245,-100,-37,-0.01491869312248247,-0.1510204081632653,0.3960372908137238,0.012475504541762009,-1.4918693122482471,-15.10204081632653,1,PAK_WHO
Panama,2021-07-01,1249,402581,7,6536,AMRO,3928646,3928646,PAN,PAN,WHO,PA,402581,6536,7132,6276,53,31,856,22,0.13639260675589548,0.7096774193548387,25.93405317906329,0.19272361448266329,13.639260675589549,70.96774193548387,1,PAN_WHO
Pitcairn Islands,2021-07-01,0,0,0,0,WPRO,50,50,PCN,PCN,WHO,PN,0,0,0,0,0,0,0,0,,,0,0,,,1,PCN_WHO
Peru,2021-07-01,2498,2052065,168,192331,AMRO,32201224,32201224,PER,PER,WHO,PE,2052065,192331,18459,26129,1425,1645,-7670,-220,-0.29354357227601513,-0.1337386018237082,8.189129705131707,0.6321853746038616,-29.35435722760151,-13.37386018237082,1,PER_WHO
Philippines,2021-07-01,4492,1412542,105,24662,WPRO,110818325,110818325,PHL,PHL,WHO,PH,1412542,24662,40325,39397,734,807,928,-73,0.023555093027387872,-0.09045848822800495,5.198340875224639,0.0946207613742067,2.3555093027387874,-9.045848822800496,1,PHL_WHO
Palau,2021-07-01,0,0,0,0,WPRO,21613,21613,PLW,PLW,WHO,PW,0,0,0,0,0,0,0,0,,,0,0,,,1,PLW_WHO
Papua New Guinea,2021-07-01,38,17228,0,174,WPRO,7399757,7399757,PNG,PNG,WHO,PG,17228,174,130,237,1,0,-107,1,-0.45147679324894513,,0.2509734923920957,0.001930565326093044,-45.14767932489451,,1,PNG_WHO
Poland,2021-07-01,98,2880010,23,75044,EURO,38185913,38185913,POL,POL,WHO,PL,2880010,75044,674,1060,127,183,-386,-56,-0.3641509433962264,-0.30601092896174864,0.2521498288798654,0.047511911376473155,-36.41509433962264,-30.601092896174865,1,POL_WHO
Puerto Rico,2021-07-01,5,140026,2,2549,AMRO,3142779,3142779,PRI,PRI,WHO,PR,140026,2549,245,321,6,5,-76,1,-0.2367601246105919,0.2,1.113664053374418,0.027273405388761256,-23.67601246105919,20,1,PRI_WHO
Democratic People's Republic of Korea,2021-07-01,0,0,0,0,SEARO,25831360,25831360,PRK,PRK,WHO,KP,0,0,0,0,0,0,0,0,,,0,0,,,1,PRK_WHO
Portugal,2021-07-01,2362,879557,4,17096,EURO,10263850,10263850,PRT,PRT,WHO,PT,879557,17096,11234,7928,19,22,3306,-3,0.4170030272452069,-0.13636363636363635,15.636015168354398,0.026445103097626276,41.70030272452069,-13.636363636363635,1,PRT_WHO
Paraguay,2021-07-01,1825,421589,122,12763,AMRO,7272639,7272639,PRY,PRY,WHO,PY,421589,12763,12122,13318,914,780,-1196,134,-0.08980327376482955,0.1717948717948718,23.811360438958754,1.7953789342689574,-8.980327376482954,17.17948717948718,1,PRY_WHO
"occupied Palestinian territory, including east Jerusalem",2021-07-01,153,343008,1,3831,EMRO,4906308,4906308,PSE,PSE,WHO,PS,343008,3831,976,1027,8,11,-51,-3,-0.04965920155793573,-0.2727272727272727,2.8418226378892526,0.023293628179420104,-4.965920155793573,-27.27272727272727,1,PSE_WHO
French Polynesia,2021-07-01,4,19007,0,142,WPRO,297154,297154,PYF,PYF,WHO,PF,19007,142,16,39,0,0,-23,0,-0.5897435897435898,,0.7692019241586133,0,-58.97435897435898,,1,PYF_WHO
Qatar,2021-07-01,118,222071,2,590,EMRO,2479995,2479995,QAT,QAT,WHO,QA,222071,590,798,1075,4,7,-277,-3,-0.2576744186046512,-0.42857142857142855,4.596783461256978,0.023041521109057533,-25.76744186046512,-42.857142857142854,1,QAT_WHO
Réunion,2021-07-01,0,30583,0,237,AFRO,0,0,REU,REU,WHO,RE,30583,237,1081,1061,11,6,20,5,0.01885014137606032,0.8333333333333334,,,1.8850141376060319,83.33333333333334,1,REU_WHO
Romania,2021-07-01,31,1080823,5,33861,EURO,21230362,21230362,ROU,ROU,WHO,RO,1080823,33861,366,474,34,35,-108,-1,-0.22784810126582278,-0.02857142857142857,0.24627801582334907,0.022878285622934067,-22.78481012658228,-2.857142857142857,1,ROU_WHO
Russian Federation,2021-07-01,23543,5538142,672,135886,EURO,142320790,142320790,RUS,RUS,WHO,RU,5538142,135886,149447,124648,4423,3471,24799,952,0.19895224953468968,0.2742725439354653,15.001020882874126,0.4439668602578322,19.89522495346897,27.42725439354653,1,RUS_WHO
Rwanda,2021-07-01,0,37384,0,427,AFRO,12943132,12943132,RWA,RWA,WHO,RW,37384,427,4124,4085,30,21,39,9,0.009547123623011015,0.42857142857142855,4.551779717172453,0.03311187961085683,0.9547123623011016,42.857142857142854,1,RWA_WHO
Saudi Arabia,2021-07-01,1486,487592,15,7819,EMRO,34783757,34783757,SAU,SAU,WHO,SA,487592,7819,9457,8721,103,95,736,8,0.08439399151473455,0.08421052631578947,3.883996774701479,0.04230217487514564,8.439399151473454,8.421052631578947,1,SAU_WHO
Sudan,2021-07-01,0,36658,0,2754,EMRO,46751152,46751152,SDN,SDN,WHO,SD,36658,2754,84,191,4,10,-107,-6,-0.5602094240837696,-0.6,0.025667816698933962,0.0012222769856635222,-56.02094240837696,-60,1,SDN_WHO
Senegal,2021-07-01,171,43128,0,1166,AFRO,16082442,16082442,SEN,SEN,WHO,SN,43128,1166,538,472,7,3,66,4,0.13983050847457626,1.3333333333333333,0.4778947305212906,0.006217961177786309,13.983050847457626,133.33333333333331,1,SEN_WHO
Singapore,2021-07-01,16,62579,0,36,WPRO,5866139,5866139,SGP,SGP,WHO,SG,62579,36,109,131,1,1,-22,0,-0.16793893129770993,0,0.2654459529756893,0.0024352839722540306,-16.793893129770993,0,1,SGP_WHO
Saint Helena,2021-07-01,0,0,0,0,AFRO,7915,7915,SHN,SHN,WHO,SH,0,0,0,0,0,0,0,0,,,0,0,,,1,SHN_WHO
Solomon Islands,2021-07-01,0,20,0,0,WPRO,690598,690598,SLB,SLB,WHO,SB,20,0,0,0,0,0,0,0,,,0,0,,,1,SLB_WHO
Sierra Leone,2021-07-01,80,5575,2,100,AFRO,6807277,6807277,SLE,SLE,WHO,SL,5575,100,523,547,14,4,-24,10,-0.043875685557586835,2.5,1.097564939906011,0.029380323439166647,-4.387568555758683,250,1,SLE_WHO
El Salvador,2021-07-01,0,78766,5,2381,AMRO,6528135,6528135,SLV,SLV,WHO,SV,78766,2381,1282,1187,35,36,95,-1,0.08003369839932603,-0.027777777777777776,2.8054391819847035,0.07659155333031563,8.003369839932603,-2.7777777777777777,1,SLV_WHO
San Marino,2021-07-01,0,5092,0,90,EURO,34467,34467,SMR,SMR,WHO,SM,5092,90,1,0,0,0,1,0,,,0.41447512941985915,0,,,1,SMR_WHO
Somalia,2021-07-01,13,14946,0,775,EMRO,12094640,12094640,SOM,SOM,WHO,SO,14946,775,78,41,0,0,37,0,0.9024390243902439,,0.09213053999835583,0,90.2439024390244,,1,SOM_WHO
Saint Pierre and Miquelon,2021-07-01,0,26,0,0,AMRO,5321,5321,SPM,SPM,WHO,PM,26,0,0,0,0,0,0,0,,,0,0,,,1,SPM_WHO
Serbia,2021-07-01,104,716562,4,7047,EURO,6974289,6974289,SRB,SRB,WHO,RS,716562,7047,546,709,34,33,-163,1,-0.229901269393512,0.030303030303030304,1.118393573882585,0.06964355588279833,-22.9901269393512,3.0303030303030303,1,SRB_WHO
South Sudan,2021-07-01,12,10846,0,117,AFRO,10984074,10984074,SSD,SSD,WHO,SS,10846,117,34,48,2,0,-14,2,-0.2916666666666667,,0.04421986648253515,0.002601168616619714,-29.166666666666668,,1,SSD_WHO
Sao Tome and Principe,2021-07-01,0,2366,0,37,AFRO,213948,213948,STP,STP,WHO,ST,2366,37,3,5,0,0,-2,0,-0.4,,0.200315697539322,0,-40,,1,STP_WHO
Suriname,2021-07-01,159,21519,4,516,AMRO,614749,614749,SUR,SUR,WHO,SR,21519,516,1221,1473,39,59,-252,-20,-0.1710794297352342,-0.3389830508474576,28.37394960033631,0.9062932304775724,-17.10794297352342,-33.89830508474576,1,SUR_WHO
Slovakia,2021-07-01,17,391659,1,12511,EURO,5436066,5436066,SVK,SVK,WHO,SK,391659,12511,203,246,9,38,-43,-29,-0.17479674796747968,-0.7631578947368421,0.5334740233102394,0.023651557683705197,-17.479674796747968,-76.31578947368422,1,SVK_WHO
Slovenia,2021-07-01,47,257334,0,4748,EURO,2102106,2102106,SVN,SVN,WHO,SI,257334,4748,212,418,1,5,-206,-4,-0.49282296650717705,-0.8,1.4407320223487439,0.006795905765795962,-49.282296650717704,-80,1,SVN_WHO
Sweden,2021-07-01,245,1089990,0,14629,EURO,10261767,10261767,SWE,SWE,WHO,SE,1089990,14629,1485,3913,1,10,-2428,-9,-0.6204957832864809,-0.9,2.0673131356700765,0.0013921300576902873,-62.04957832864809,-90,1,SWE_WHO
Eswatini,2021-07-01,0,19084,0,678,AFRO,1113276,1113276,SWZ,SWZ,WHO,SZ,19084,678,186,130,1,1,56,0,0.4307692307692308,0,2.3867781728366166,0.012832140714175358,43.07692307692308,0,1,SWZ_WHO
Sint Maarten,2021-07-01,1,2614,0,33,AMRO,44564,44564,SXM,SXM,WHO,SX,2614,33,32,39,1,0,-7,1,-0.1794871794871795,,10.258119943067435,0.32056624822085733,-17.94871794871795,,1,SXM_WHO
Seychelles,2021-07-01,0,15579,0,68,AFRO,96387,96387,SYC,SYC,WHO,SC,15579,68,626,988,13,4,-362,9,-0.36639676113360325,2.25,92.78073954845719,1.9267565720925615,-36.63967611336032,225,1,SYC_WHO
Syrian Arab Republic,2021-07-01,36,25515,3,1876,EMRO,20384316,20384316,SYR,SYR,WHO,SY,25515,1876,267,302,21,29,-35,-8,-0.11589403973509933,-0.27586206896551724,0.1871186511377529,0.014717197280497418,-11.589403973509933,-27.586206896551722,1,SYR_WHO
Turks and Caicos Islands,2021-07-01,1,2425,0,18,AMRO,57196,57196,TCA,TCA,WHO,TC,2425,18,1,1,0,0,0,0,0,,0.2497677160240976,0,0,,1,TCA_WHO
Chad,2021-07-01,0,4951,0,174,AFRO,17414108,17414108,TCD,TCD,WHO,TD,4951,174,0,8,0,0,-8,0,-1,,0,0,-100,,1,TCD_WHO
Togo,2021-07-01,36,13917,0,129,AFRO,8283189,8283189,TGO,TGO,WHO,TG,13917,129,168,80,1,1,88,0,1.1,0,0.289743479232455,0.0017246635668598514,110.00000000000001,0,1,TGO_WHO
Thailand,2021-07-01,5533,264834,57,2080,SEARO,69480520,69480520,THA,THA,WHO,TH,264834,2080,32187,24923,305,220,7264,85,0.2914576896842274,0.38636363636363635,6.617887800987755,0.06271027990496987,29.145768968422743,38.63636363636363,1,THA_WHO
Tajikistan,2021-07-01,0,13905,0,91,EURO,8990874,8990874,TJK,TJK,WHO,TJ,13905,91,128,63,0,0,65,0,1.0317460317460319,,0.2033808313375795,0,103.17460317460319,,1,TJK_WHO
Tokelau,2021-07-01,0,0,0,0,WPRO,1647,1647,TKL,TKL,WHO,TK,0,0,0,0,0,0,0,0,,,0,0,,,1,TKL_WHO
Turkmenistan,2021-07-01,0,0,0,0,EURO,5579889,5579889,TKM,TKM,WHO,TM,0,0,0,0,0,0,0,0,,,0,0,,,1,TKM_WHO
Timor-Leste,2021-07-01,56,9278,1,24,SEARO,1413958,1413958,TLS,TLS,WHO,TL,9278,24,389,385,4,1,4,3,0.01038961038961039,3,3.9302036249611776,0.04041340488391957,1.0389610389610389,300,1,TLS_WHO
Tonga,2021-07-01,0,0,0,0,WPRO,105780,105780,TON,TON,WHO,TO,0,0,0,0,0,0,0,0,,,0,0,,,1,TON_WHO
Trinidad and Tobago,2021-07-01,185,32528,11,833,AMRO,1221047,1221047,TTO,TTO,WHO,TT,32528,833,1546,1673,72,75,-127,-3,-0.07591153616258219,-0.04,18.08752184454348,0.8423684170809385,-7.591153616258219,-4,1,TTO_WHO
Tunisia,2021-07-01,5921,420103,116,14959,EMRO,11811335,11811335,TUN,TUN,WHO,TN,420103,14959,28692,17099,641,597,11593,44,0.6779928650798293,0.07370184254606366,34.702742262895285,0.7752843228257311,67.79928650798293,7.370184254606365,1,TUN_WHO
Turkey,2021-07-01,5496,5425652,45,49732,EURO,82482383,82482383,TUR,TUR,WHO,TR,5425652,49732,38107,39296,374,408,-1189,-34,-0.030257532573289902,-0.08333333333333333,6.600024083757549,0.06477573693351152,-3.02575325732899,-8.333333333333332,1,TUR_WHO
Tuvalu,2021-07-01,0,0,0,0,WPRO,11448,11448,TUV,TUV,WHO,TV,0,0,0,0,0,0,0,0,,,0,0,,,1,TUV_WHO
United Republic of Tanzania,2021-07-01,0,509,0,21,AFRO,62092761,62092761,TZA,TZA,WHO,TZ,509,21,0,0,0,0,0,0,,,0,0,,,1,TZA_WHO
Uganda,2021-07-01,543,79977,34,1023,AFRO,44712143,44712143,UGA,UGA,WHO,UG,79977,1023,5717,8629,271,244,-2912,27,-0.33746668211843783,0.11065573770491803,1.8266051030349533,0.08658561884248249,-33.74666821184378,11.065573770491802,1,UGA_WHO
Ukraine,2021-07-01,705,2235801,51,52391,EURO,43745640,43745640,UKR,UKR,WHO,UA,2235801,52391,3887,4689,210,279,-802,-69,-0.17103860098101942,-0.24731182795698925,1.2693509896888338,0.06857826288516981,-17.10386009810194,-24.731182795698924,1,UKR_WHO
Uruguay,2021-07-01,1263,368178,34,5558,AMRO,3398239,3398239,URY,URY,WHO,UY,368178,5558,9717,14846,208,261,-5129,-53,-0.34548026404418697,-0.20306513409961685,40.84888841375951,0.874402468875371,-34.5480264044187,-20.306513409961685,1,URY_WHO
United States of America,2021-07-01,15199,33333002,323,599412,AMRO,334998398,334998398,USA,USA,WHO,US,33333002,599412,89473,79897,2040,2116,9576,-76,0.11985431242725009,-0.035916824196597356,3.815497990189536,0.08699401942470525,11.985431242725008,-3.5916824196597354,1,USA_WHO
Uzbekistan,2021-07-01,476,111153,4,740,EURO,30842796,30842796,UZB,UZB,WHO,UZ,111153,740,3445,2874,17,10,571,7,0.19867780097425192,0.7,1.5956492956827166,0.007874031357505425,19.867780097425193,70,1,UZB_WHO
Holy See,2021-07-01,0,26,0,0,EURO,1000,1000,VAT,VAT,WHO,VA,26,0,0,0,0,0,0,0,,,0,0,,,1,VAT_WHO
Saint Vincent and the Grenadines,2021-07-01,6,2225,0,12,AMRO,101145,101145,VCT,VCT,WHO,VC,2225,12,18,35,0,0,-17,0,-0.4857142857142857,,2.5423190186648585,0,-48.57142857142857,,1,VCT_WHO
Venezuela (Bolivarian Republic of),2021-07-01,1025,271679,17,3101,AMRO,29069153,29069153,VEN,VEN,WHO,VE,271679,3101,8307,9256,112,124,-949,-12,-0.10252808988764045,-0.0967741935483871,4.082383431379255,0.055041163394062426,-10.252808988764045,-9.67741935483871,1,VEN_WHO
British Virgin Islands,2021-07-01,15,313,0,1,AMRO,37891,37891,VGB,VGB,WHO,VG,313,1,18,0,0,0,18,0,,,6.786383498531502,0,,,1,VGB_WHO
United States Virgin Islands,2021-07-01,8,3858,0,30,AMRO,0,0,VIR,VIR,WHO,VI,3858,30,48,81,0,0,-33,0,-0.4074074074074074,,,,-40.74074074074074,,1,VIR_WHO
Viet Nam,2021-07-01,545,17052,1,81,WPRO,102789598,102789598,VNM,VNM,WHO,VN,17052,81,3063,2195,11,9,868,2,0.3954441913439636,0.2222222222222222,0.4256962154589111,0.0015287817074920082,39.54441913439636,22.22222222222222,1,VNM_WHO
Vanuatu,2021-07-01,0,3,0,0,WPRO,303009,303009,VUT,VUT,WHO,VU,3,0,0,0,0,0,0,0,,,0,0,,,1,VUT_WHO
Wallis and Futuna,2021-07-01,0,454,0,7,WPRO,15851,15851,WLF,WLF,WHO,WF,454,7,0,0,0,0,0,0,,,0,0,,,1,WLF_WHO
Samoa,2021-07-01,0,1,0,0,WPRO,204898,204898,WSM,WSM,WHO,WS,1,0,0,0,0,0,0,0,,,0,0,,,1,WSM_WHO
Kosovo,2021-07-01,9,107715,0,2248,EURO,1935259,1935259,XKX,XKX,WHO,XK,107715,2248,65,83,4,4,-18,0,-0.21686746987951808,0,0.479817651576057,0.029527240096988126,-21.686746987951807,0,1,XKX_WHO
Yemen,2021-07-01,2,6920,0,1361,EMRO,30399243,30399243,YEM,YEM,WHO,YE,6920,1361,22,31,6,4,-9,2,-0.2903225806451613,0.5,0.010338603309487486,0.0028196190844056784,-29.03225806451613,50,1,YEM_WHO
South Africa,2021-07-01,19506,1973972,383,60647,AFRO,56978635,56978635,ZAF,ZAF,WHO,ZA,1973972,60647,112907,86753,1389,1140,26154,249,0.3014766059963344,0.21842105263157896,28.30810430711692,0.3482508337178864,30.14766059963344,21.842105263157897,1,ZAF_WHO
Zambia,2021-07-01,2892,154948,61,2199,AFRO,19077816,19077816,ZMB,ZMB,WHO,ZM,154948,2199,17922,18176,405,302,-254,103,-0.013974471830985916,0.34105960264900664,13.420224381479066,0.3032692151824027,-1.3974471830985915,34.105960264900666,1,ZMB_WHO
Zimbabwe,2021-07-01,1331,49864,28,1789,AFRO,14829988,14829988,ZWE,ZWE,WHO,ZW,49864,1789,6384,2924,97,52,3460,45,1.183310533515732,0.8653846153846154,6.149701537182633,0.09344001395781883,118.33105335157319,86.53846153846155,1,ZWE_WHO
Other,2021-07-01,0,764,0,13,Other,0,0,OTH,OTH,WHO,OT,764,13,0,0,0,0,0,0,,,,,,,1,OTH_WHO
